instructor_id,section_crn
3,13009
3,31568
3,32751
6,12836
6,20771
6,20772
6,22950
6,31770
6,31771
6,31991
9,12835
9,12836
9,40529
9,40964
5,13779
5,13242
5,14361
5,22794
5,22795
5,33256
5,33789
13,31509
13,32257
13,41627
1,12837
1,12838
1,10867
1,20770
1,24321
1,20916
1,31566
1,31567
1,32999
1,30986
21,41956
24,13195
24,11085
24,23255
24,21103
24,32958
24,40533
27,10923
27,20960
27,30989
29,10924
29,11093
29,20961
29,30990
29,33289
32,10925
32,11024
32,13755
32,20962
32,21003
32,30992
32,31105
32,33288
32,32590
54,10563
54,11294
54,20634
54,21288
55,13200
55,11530
55,23260
55,21534
55,32963
55,31521
69,21926
69,40528
71,30013
71,33753
20,10064
20,20016
20,32884
20,30019
20,34129
88,11323
88,11322
88,21306
88,21307
88,31342
89,11598
89,11993
89,21308
89,31343
89,40598
89,40933
92,11324
92,31344
92,41644
94,31995
102,10088
102,33016
91,13252
91,23313
91,33638
91,31996
109,12844
109,11994
109,21986
109,31348
109,31997
110,31349
93,10176
93,11992
93,23145
93,21311
93,32585
93,33006
113,11581
113,14342
113,21567
113,20056
113,20066
113,32372
113,41218
116,30119
114,10433
114,22548
114,23289
114,30147
114,32594
117,10123
117,11582
117,10325
117,20965
117,21972
117,22937
117,33777
117,33778
117,32985
122,11082
122,12993
122,22812
122,30709
115,10503
115,20484
115,24307
115,30238
115,31496
120,12735
120,13216
120,20173
120,23721
120,30237
120,31314
120,32986
137,13244
137,13245
137,22797
137,31772
137,30437
139,11080
139,11748
139,11897
139,21101
139,21568
139,31157
15,14360
15,14363
15,11523
15,24318
15,24598
15,21358
15,30816
15,33001
141,12840
141,11989
141,23325
141,24336
141,33019
142,11988
142,12499
142,21981
142,23327
142,22445
142,24335
142,31028
12,14364
12,13072
12,24320
12,22643
12,33786
12,31405
12,32579
148,11525
148,13247
148,14376
148,14378
148,21000
148,23328
148,24334
8,10516
8,33788
8,41855
8,41856
17,13010
17,33000
156,40628
156,40930
166,11639
166,14305
166,12850
166,22433
166,30386
166,33903
167,12849
167,12852
167,22809
167,32252
165,10235
165,11533
165,22065
165,24292
165,21800
165,31782
165,32749
76,14345
185,13218
185,13220
185,21899
185,33010
175,13217
175,11660
175,20149
175,22086
175,31926
175,32253
175,40695
182,13225
182,11275
180,14346
184,12742
184,13226
184,24311
184,23291
184,31508
184,32989
189,41957
190,11982
190,11985
190,20150
190,23324
190,30524
190,31049
190,40912
186,13219
186,13227
186,23046
186,24313
186,31929
186,31930
201,13215
201,12183
201,13133
201,13076
201,24296
201,23516
201,24095
201,22057
201,22058
201,22948
201,23523
201,31764
201,33627
201,40918
201,41404
209,22545
209,22546
209,31292
209,41216
209,41881
212,11741
212,31765
214,11967
214,11968
214,11974
214,12740
214,22059
214,22060
214,31291
214,31513
214,31514
214,40919
216,11964
216,11966
216,11977
216,22949
216,23066
216,31516
216,41922
217,11526
217,11978
217,11761
217,23783
217,31517
202,13778
202,11969
202,11970
202,21533
202,22755
202,21781
202,31285
202,31286
202,32104
220,11976
220,23517
220,32584
225,11979
225,21970
225,23141
225,31987
225,41486
225,40253
219,12997
219,14316
219,11980
219,23775
219,24297
219,21971
219,20514
219,31935
219,31988
219,31519
219,40929
205,22224
235,14769
235,34112
150,11745
150,10518
150,20918
150,20576
150,30988
150,30760
143,10866
143,11750
143,12731
143,24346
143,20915
143,22616
143,23310
143,30985
143,32488
143,32259
145,10517
145,14374
145,33804
250,11081
250,10216
250,22117
250,24306
250,31155
250,31156
256,10169
256,10170
256,12552
256,20166
256,20787
256,30010
255,10051
255,11766
255,21146
255,21531
255,30009
255,33785
258,10050
258,20203
259,12743
259,32558
260,11522
260,12553
260,21072
260,24594
260,22940
260,31391
261,10019
261,12551
261,23397
261,22941
262,10052
262,21978
262,32992
262,32993
262,40347
265,11126
265,21976
266,21001
266,24478
279,13208
279,20895
279,30673
284,13207
284,10836
284,20600
284,30681
284,41437
284,40386
280,14356
41,11026
41,12854
41,21005
41,22804
41,31107
41,34051
302,32852
302,41836
302,40410
47,13069
47,13070
47,20601
47,30150
47,30683
277,11886
277,24366
277,31525
283,10491
283,13206
283,10835
283,23267
283,20896
283,21290
283,30682
283,41835
270,23268
270,30672
270,30815
270,31523
130,14290
130,14786
336,10111
336,12846
336,12847
336,20764
336,24349
336,23620
336,30111
336,30112
336,40096
347,14716
347,10448
347,13497
347,22800
347,21488
347,34043
347,30160
322,11995
322,10395
322,10852
322,14327
322,20859
322,23562
322,24350
322,23565
322,21659
322,31003
322,32557
322,30947
322,41512
322,40192
329,10211
329,10654
329,11599
329,20177
329,20023
329,20690
329,30228
329,30823
329,30064
324,10655
324,10808
324,14332
324,20021
324,24347
324,24353
324,30063
324,33815
324,33817
380,10973
380,10974
380,20455
380,23538
380,23285
380,31103
380,31104
393,13822
393,13823
393,11086
393,21112
393,20741
393,21109
393,31162
383,13496
383,14755
395,10151
386,14308
386,14309
386,11134
386,23283
386,23284
386,23618
386,31529
386,31530
386,33299
386,32589
376,11959
376,11960
376,23286
376,23062
376,23550
376,33759
376,33760
376,31531
376,31532
390,10877
390,10963
390,20999
390,31278
391,13711
391,14306
391,10965
391,22751
391,23548
391,23323
391,33280
391,31280
374,14307
374,10964
374,21277
374,33757
374,33758
374,31279
101,11325
101,10393
101,11062
101,20407
101,21310
101,21059
101,33015
101,31350
101,31140
405,10837
405,11059
405,20694
409,10617
409,11312
409,11742
409,20691
409,20894
409,31766
407,10618
407,10670
407,22181
407,20693
417,13452
417,13453
417,23508
417,21975
417,32254
418,32991
411,14348
411,10637
411,20811
411,20350
411,32255
411,32256
411,41880
413,11058
413,10619
413,10620
413,20692
413,31767
413,30209
413,32374
414,14352
414,11743
414,21239
414,33151
414,31315
281,13367
289,23293
289,31154
426,10446
426,10511
426,24438
426,23299
426,30640
426,30818
426,40287
426,40722
432,13366
432,14783
432,23294
432,23297
433,10622
433,14722
433,14788
433,21529
433,24316
433,30752
125,12995
440,11284
440,11127
440,13946
440,21038
440,20302
440,20982
440,23054
440,31293
440,30921
440,31195
440,31990
210,23574
210,23575
210,33303
210,34020
453,11283
453,11527
453,11274
453,23518
453,21106
453,21247
453,33771
453,31989
227,11738
227,11739
227,21780
227,21919
227,32569
227,31812
460,12998
460,11868
460,22442
460,22223
460,31811
460,31294
460,40579
462,10509
462,20432
462,30638
473,13258
473,13254
473,13259
473,20048
473,20584
473,20585
473,24670
473,30060
473,30661
473,30662
473,30663
467,10525
467,13257
467,14334
467,14720
467,20620
467,20993
467,20586
467,24610
467,24670
467,31062
467,30664
467,31063
476,11000
476,21021
476,33018
478,11759
478,21785
478,30149
478,31792
464,11996
464,20648
464,30699
464,33818
464,40045
475,11001
475,20583
475,21022
475,20193
475,30375
475,33819
488,23318
488,23316
488,30163
463,10131
463,14333
463,11865
463,12848
463,21025
463,31080
463,31081
463,30457
463,30127
147,14365
147,12621
147,24322
147,33791
483,11129
483,10041
483,23274
483,23275
483,32972
506,10447
506,10053
506,23278
506,23279
506,24689
506,32978
506,41841
506,40112
508,21632
509,14340
509,20467
509,20468
509,22174
509,30543
509,30545
285,10090
285,12494
482,10054
482,12314
482,22218
482,23805
482,32595
515,10091
515,22178
515,20780
515,30644
515,30074
515,32251
490,13049
490,23812
490,33618
538,11146
538,22114
538,22115
538,22116
538,31051
451,10621
451,13454
451,20635
451,22810
451,33776
445,11019
445,12615
445,21293
445,31781
435,14546
126,11888
126,31526
78,14315
78,20315
78,33997
78,33769
78,33770
522,13362
522,13355
522,14651
522,22553
522,20892
522,24555
522,32382
522,33998
522,33999
537,12311
537,11809
537,11810
537,22180
537,21830
537,21831
537,31847
537,31848
537,31849
684,10274
684,20288
684,20986
684,30490
684,40716
533,13498
533,11795
533,10223
533,23573
533,21814
533,24668
533,33386
533,31833
533,30267
554,10660
554,21815
554,20528
554,20830
554,31832
554,34052
554,40343
554,40278
554,40273
554,40210
547,11794
547,10480
547,10479
547,10933
547,20201
547,20574
547,20342
547,21030
547,31831
547,31832
547,31582
547,31031
547,40114
547,40267
547,40826
547,41174
544,10929
544,10596
544,10533
544,20424
544,21253
544,30193
544,31498
544,31743
544,40127
544,40269
545,10202
545,11493
545,10414
545,10399
545,20527
545,21369
545,20985
545,30212
545,30266
545,33396
545,40464
545,40523
738,30843
542,11458
542,10481
542,11632
542,12250
542,22201
542,22680
542,20534
542,30430
542,33397
542,40403
542,40393
542,40268
536,11793
536,10201
536,13515
536,20531
536,20532
536,21695
536,20530
536,20847
536,22222
536,22367
536,30213
536,32551
536,40271
536,40272
536,40270
735,10180
735,21577
735,22831
735,30194
735,32629
552,13113
552,21066
552,21255
552,32550
562,10526
562,12448
562,22368
562,30665
562,30911
562,32552
555,11061
555,23889
555,32628
742,20401
742,22369
742,31148
742,32553
557,14698
557,21816
557,22371
557,32555
737,12885
737,22370
737,31660
737,32554
739,20835
739,22829
739,32626
757,32630
744,10040
744,20138
744,30169
758,10351
568,13363
568,23093
568,33144
569,12990
569,12196
569,12625
569,22554
569,23512
569,22926
569,22555
569,32383
569,32384
569,34115
891,24650
895,10197
895,11301
895,20318
895,24652
575,10275
575,10530
575,20383
575,24577
575,31490
575,32710
575,34108
575,40291
575,41505
595,11036
595,22462
595,32659
577,11003
577,11778
577,13313
577,20007
577,21029
577,23368
577,23369
577,33060
577,30601
577,30748
577,40060
577,40489
577,40867
577,40332
585,11108
585,12047
585,22021
585,31486
585,33063
585,40160
585,41340
911,24001
911,22835
911,30773
911,30721
911,40177
911,40559
573,11009
573,14461
573,20289
573,22769
573,32644
573,40159
570,10358
570,12527
570,20096
570,20170
570,30415
570,30416
570,30221
570,31595
948,24651
948,20011
948,30694
948,30094
574,10163
574,13309
574,23204
574,20095
574,31173
942,23365
942,32493
597,14607
597,14606
598,10858
598,14605
598,13317
598,22585
598,24503
598,24504
598,23065
598,24502
598,30878
598,33696
598,33941
592,10857
592,10859
592,12646
592,23355
592,23551
592,22589
592,32763
592,32764
592,33940
591,11309
591,10861
591,10846
591,14611
591,22586
591,20897
591,20904
591,24501
591,33939
591,32190
591,31606
591,32765
591,41887
591,41886
708,12136
708,12137
711,10421
711,11918
688,10520
1010,10147
700,12649
700,12650
700,41965
638,12163
638,12164
648,12648
648,11269
681,10502
681,10356
695,11190
695,11189
707,12309
707,11709
687,10314
643,11480
704,10323
704,12308
613,10139
613,10714
624,10818
630,10316
630,10521
619,11045
619,12150
690,11289
690,11910
655,11221
655,11264
653,12158
653,12159
653,11192
653,10640
653,21194
653,22635
653,20627
653,21190
692,11183
692,11186
692,11180
692,13364
692,21491
692,24586
692,31174
645,11267
645,11188
645,10805
645,10313
645,20394
645,20554
645,20244
645,22192
645,41430
645,40788
620,10716
620,10717
620,20189
620,21672
620,34036
671,11272
671,10345
651,12153
651,10140
651,11291
651,21240
651,20356
651,20568
651,24585
651,24602
651,41928
636,11481
636,10504
636,11266
636,13354
636,20675
636,22191
636,21186
636,21200
633,10802
633,11265
633,10138
633,14678
633,21668
633,20673
633,20196
654,10144
654,10217
654,21192
654,21243
654,21680
654,21199
672,10315
672,11268
672,22636
672,20393
672,24600
672,30607
626,12152
626,12151
626,10208
626,10143
626,21193
626,20248
626,20581
626,21189
626,24663
626,32846
639,12157
639,12734
639,10353
639,20392
639,22966
639,34048
674,12160
674,10141
691,11182
691,11184
691,11187
691,11647
691,21670
691,20246
691,20247
691,21188
644,11223
644,10368
644,10801
644,10443
644,22190
644,21195
644,20555
644,21191
644,40407
721,13000
721,12139
715,13058
715,11562
717,12138
717,12999
717,11563
551,14777
551,10806
551,10137
551,10376
551,22188
551,22189
551,21493
551,21563
551,32849
551,31502
551,41591
734,11109
734,14685
734,14687
734,21669
734,24587
734,21925
734,34030
734,34032
727,14680
727,14779
727,23392
727,31683
632,12733
632,10638
632,12155
632,10354
632,20243
632,20195
632,20688
632,21284
632,32447
733,14683
733,14686
733,24590
733,24592
733,34076
1135,10350
1135,20779
1135,34006
528,10484
528,10485
528,10482
528,10483
528,10420
528,10496
528,20536
528,20538
528,20535
528,20537
528,20596
528,23055
528,30620
528,30619
528,30378
528,30912
528,30551
528,40133
528,40302
1137,21795
1137,32220
1138,22163
1138,31579
1138,40249
1142,11774
745,11078
745,13062
745,22162
53,13483
53,22372
53,24561
53,32556
53,33351
759,10730
759,30812
1129,20789
1129,21245
1129,30808
1129,30809
1129,30810
1129,31807
1129,30811
1129,34008
1148,21796
754,22830
754,32627
747,10725
747,10726
747,10727
747,10728
747,10729
747,20906
747,20808
762,14652
762,14654
762,22556
762,24556
762,30634
762,31095
760,11074
760,14653
760,12626
760,20564
760,22927
760,24521
760,30055
760,32387
760,34001
760,41964
743,10588
743,10587
743,10646
743,11404
743,13151
743,13152
743,10647
743,24656
743,24657
743,20706
743,24564
743,31033
743,31685
743,33429
743,33430
743,31032
1128,22624
1128,22637
1128,31661
1165,14751
1165,24562
553,11028
553,10069
553,14655
553,14656
553,11771
553,11772
553,14763
553,24517
553,23360
553,21077
553,24557
553,24518
553,23361
553,31275
553,32850
553,33057
553,33910
553,34002
553,31801
553,31800
553,33058
553,40730
1174,24523
1174,24522
1174,33957
1174,34135
1174,34117
74,14335
74,21037
74,24371
74,21921
74,32969
785,12832
785,14440
785,14433
785,22216
785,24409
785,24410
785,33881
785,32571
785,33888
792,14434
792,11318
792,31172
792,32164
1184,24416
1184,24417
1184,24483
1184,33037
1184,33886
794,11921
794,14438
794,11145
794,23336
794,24411
794,20518
794,33883
794,33884
794,33885
783,12082
783,12611
783,14439
783,24412
783,23342
783,24415
783,23660
783,33889
1193,10022
1193,23252
1193,23402
1193,30058
1193,33146
802,12628
802,11773
802,22558
802,22560
802,23403
802,32388
802,32391
802,31284
802,31950
802,40409
802,41231
803,12631
803,22562
803,22565
803,32395
807,12630
807,14660
807,13462
807,22563
807,22564
807,21692
807,32392
807,32394
807,31806
807,41232
807,41002
797,12627
797,12629
797,13359
797,14658
797,22559
797,22561
797,21794
797,24560
797,32389
797,32390
797,30919
797,34004
1213,14763
811,10461
813,14511
813,14512
813,14513
814,14504
814,14506
814,14507
814,14509
814,14019
814,14770
812,10440
1290,24638
822,11377
822,11630
820,11376
820,12519
820,13475
789,12083
789,14435
789,14436
789,14602
789,14603
789,24413
789,24414
789,22088
789,24493
789,33882
789,32163
789,33887
789,33938
842,12658
842,24671
1320,14632
1320,14850
1320,33992
1320,32455
1320,33990
1320,41883
1320,41902
1320,41882
1172,14635
1172,21499
1172,21653
1172,31475
1172,33980
1172,41259
828,10113
828,12654
828,23091
828,22580
828,33183
828,32458
828,41749
1333,10387
1333,24538
1333,41261
826,13443
826,12140
826,12142
826,24640
826,22578
826,23009
826,31297
826,33982
826,40577
826,41431
826,41904
845,14637
845,10731
845,10766
845,24543
845,24672
845,24674
845,32459
845,33989
845,41262
845,40969
847,14636
847,13004
847,24544
847,20687
847,32890
847,33984
847,41905
851,14639
851,10329
851,24546
851,20064
851,30110
851,32124
851,41903
851,41907
839,14634
839,13006
839,32451
839,33184
850,14638
850,14640
850,24545
850,22666
850,23011
850,32892
850,41263
1317,12657
1317,13370
1317,24628
1317,23731
1317,31111
1317,40966
1317,40968
831,12653
831,10972
831,14642
831,10767
831,20995
831,20192
831,23012
831,20633
831,24673
831,30863
831,33976
831,34109
831,30652
831,33986
1347,14641
1347,24547
1347,24481
1347,33988
1347,33934
840,12656
840,12141
840,21291
840,24539
840,32893
840,33987
840,41258
840,41264
833,12652
833,12143
833,23007
833,24664
833,33495
833,32887
1322,10389
1322,13003
1322,23092
1322,23008
1322,32448
1322,33983
1382,14768
861,12668
861,10915
861,11760
861,20513
861,22592
861,22595
861,32050
861,33996
861,33547
864,10161
864,33963
862,12669
862,10559
862,14612
862,22424
862,20594
862,22025
862,30176
862,30679
862,40303
1422,24471
1422,30047
1425,33924
877,14500
877,30608
877,33929
1429,24461
1429,30441
878,14501
878,14502
878,24460
878,24549
878,33926
878,30778
1457,33052
876,10129
876,14503
876,14568
876,10028
876,22106
876,21223
876,24466
876,24470
876,30503
876,30777
876,30779
876,31452
876,41909
876,40465
875,10153
875,10653
875,14570
875,14571
875,14573
875,22105
875,20702
875,20919
875,21222
875,30845
875,30048
875,33932
875,30377
882,13013
882,14567
882,21395
882,24474
882,31549
882,30771
882,41910
882,40712
1468,20015
1470,22108
1471,21221
1473,24475
1477,20636
1477,24462
1477,33928
1483,10228
1483,34103
896,14846
896,14775
896,22970
601,12967
601,14608
601,11014
601,11603
601,20903
601,24498
601,24499
601,24500
601,32762
601,32191
601,32467
1173,21173
1173,24524
1173,33956
1173,31056
1487,23043
1487,24633
1487,32784
908,11550
908,12500
908,11106
908,20873
908,23501
908,20988
908,33248
908,32636
908,33908
908,40428
908,41338
908,40463
1488,11125
1488,12501
1488,13321
1488,12892
1488,23502
1488,23373
1488,20989
1488,30998
1488,30050
1488,31058
903,12322
903,13042
903,10981
903,13320
903,21140
903,21540
903,23374
903,30997
903,31055
903,33078
921,10026
921,12632
921,12633
921,22566
921,22567
921,24558
921,32397
921,32398
921,34005
921,40026
921,40731
924,12992
924,14662
924,24528
924,24559
924,31262
884,10758
884,10759
884,14572
884,10842
884,13251
884,11907
884,24459
884,20909
884,24479
884,21266
884,20893
884,23372
884,33927
884,30685
884,30908
884,31271
884,31272
884,31534
884,40402
884,40701
884,40843
884,40844
884,40845
1423,20883
1423,24465
1423,24476
1423,32308
1423,30909
1423,32919
1423,40401
1119,14583
1119,14582
1119,14581
1119,24480
1119,24482
127,14462
127,22434
127,24445
127,33350
127,41314
127,41487
127,41509
1528,21285
618,11193
618,10312
618,22195
618,23591
1518,14692
1518,34049
931,14690
931,21671
931,34050
1101,20969
1101,22182
1101,22167
1101,41646
934,13008
712,10940
712,11515
712,22964
712,20890
712,32462
640,12165
640,10355
640,10639
640,13557
640,20359
640,20245
640,24676
640,34033
640,40514
640,41931
713,13691
713,10669
713,11714
713,23560
713,24588
713,24603
713,20251
713,34034
713,30318
713,40578
713,40129
950,10008
950,10713
950,11220
950,20191
950,23613
950,23751
950,23758
950,24616
950,31659
950,30121
950,30259
950,30432
950,33345
1546,30776
1546,30775
1546,33339
1546,33340
1546,33346
945,11854
945,11855
945,14696
945,20309
945,20034
945,20782
945,33341
945,33342
945,33343
945,33344
945,33347
943,10293
943,10821
943,31898
943,32939
936,10904
936,10905
936,24615
936,21347
936,31393
936,40651
952,11856
952,24618
947,10009
947,10894
947,11202
947,24689
947,30617
947,31445
947,40105
947,40635
947,41818
1563,10895
1563,20681
1563,24142
1563,30178
1563,32102
1563,31233
1563,41817
1576,12813
1581,10071
1581,10944
1581,11077
1081,11588
1081,12987
1081,12984
1586,10013
970,10231
970,10007
970,10778
970,20099
970,20881
970,21403
970,30015
970,30146
970,30436
970,40017
967,11213
967,10557
967,21081
967,21679
967,31402
967,31462
975,10629
975,11196
975,11214
975,20373
975,22512
975,32320
975,30736
975,40894
1606,32759
1606,34067
981,10570
969,10648
969,14702
969,23734
969,30690
969,33191
1613,33518
984,13461
984,22934
1607,30649
1608,22160
1608,22760
1608,24136
1608,22159
1608,20069
1608,32321
1608,32322
1599,24622
1599,30726
997,14711
997,14710
997,10567
997,22644
997,20253
997,31231
997,30320
1001,11490
1001,11020
1001,31602
1001,31401
1001,30618
1631,10327
1631,10010
1631,30086
1631,32940
1002,10628
1002,10276
1002,10403
1002,20525
1002,20465
1002,20577
1002,31497
1002,32941
1002,40018
1004,10230
1004,13949
1004,12320
1004,20204
1004,20331
1004,30727
1004,32166
1640,21210
1640,32330
1633,10011
1633,11859
1633,31134
1087,11065
1087,12581
1087,11288
1087,22523
1087,30725
1087,30625
1646,10012
1646,10630
1017,10886
1017,10890
1661,10826
1661,21404
1661,31136
1661,31463
1661,40186
1045,14738
1045,14739
1045,34069
1045,33502
1665,24626
1665,30764
1665,30473
1047,10233
1047,10584
1047,13409
1047,20474
1047,20981
1047,20301
1047,30258
1047,31464
1047,30370
1047,40187
1047,41936
1678,20947
1678,20194
1678,20403
1678,30239
1678,30389
1678,30534
1678,31456
1678,40172
1678,40173
1678,40285
1686,20083
1686,21093
1686,20462
1689,30533
1692,30531
1060,12445
1060,10406
1060,21082
1060,21083
1060,31008
1057,10405
1053,10896
1053,10260
1681,21008
1681,20461
1681,30532
1681,30723
1701,12589
1062,10556
1702,14864
1710,12989
1710,24627
1071,14741
1071,14744
1071,30724
1071,33481
1717,23701
1717,21204
1717,21876
1717,30527
1717,30541
1726,23700
1726,23781
1726,31016
1726,31662
1724,21084
1724,31364
1075,10930
1718,31621
963,10569
963,10824
963,11241
1077,11858
1077,10943
1578,11857
1741,30069
1741,30072
1741,30070
1084,10989
1084,24614
1084,20856
1088,12575
1088,31282
1083,14861
1083,13147
1083,14860
1083,20922
1083,23135
1083,40211
1766,31283
1089,11010
1089,12579
1089,14746
1089,20864
1089,23139
1089,32333
1089,32334
1089,40584
1089,41965
1092,13774
1092,33567
1774,10534
1774,31605
1777,32782
1098,14699
1098,31922
1784,21918
1784,31392
1787,23780
1090,10152
1090,11319
1090,12580
1090,21304
1090,22203
1090,22953
1090,31321
1090,32335
1090,31088
1090,41418
1090,41765
1090,41757
1452,14762
1817,41950
1821,12424
1821,14443
1821,22509
1821,23547
1821,33891
1821,40694
1821,40822
1826,10779
1826,33485
1823,14787
1823,21527
1830,24421
1830,33890
1830,32260
1830,32261
1828,10862
1828,11520
1828,31583
987,14442
987,12948
987,21280
987,24423
987,32262
1829,10986
1829,20994
1829,31503
1109,11158
1109,11159
1109,10209
1109,11825
1109,11306
1109,21294
1109,21295
1109,21296
1109,23619
1109,21297
1109,21298
1109,20143
1109,20911
1109,30742
1109,30743
1109,30741
1109,30535
1109,30052
1109,30624
1109,31305
1109,31306
1111,13419
1111,13420
1111,14002
1111,13421
1111,12924
1111,33203
1111,33204
1111,33205
1111,41601
1111,41602
1111,41603
1111,41604
1111,41605
1111,41606
1122,10183
1122,12920
1122,21170
1122,21579
1122,21580
1122,30198
1122,30536
1117,10616
1117,11594
1117,13422
1117,12922
1117,23470
1117,23471
1117,23477
1117,22099
1117,24115
1117,30734
1117,30199
1117,31862
1117,31863
1133,14004
1133,24496
1133,31587
1874,30091
1874,32179
1175,13427
1175,13430
1175,11649
1175,23485
1175,23486
1126,10634
1126,11305
1126,10789
1126,12923
1126,10096
1126,20561
1126,20683
1126,22253
1126,31124
1126,31309
1126,31125
1126,33959
1179,14003
1179,22534
1179,22758
1179,40873
1179,41608
1876,21581
1876,32347
1876,32669
1141,10118
1141,11820
1141,12599
1141,33207
1141,41005
1141,41352
1141,41353
1176,13428
1176,13429
1882,31956
1924,10840
1924,22700
1145,12209
1145,12210
1183,11923
1183,24497
1183,30155
1120,12921
1120,11595
1120,22687
1120,31586
1120,32667
1120,34090
1883,11819
1883,31682
1917,21849
1917,34092
1917,34091
1945,23479
1151,13145
1147,11037
1147,11328
1147,12928
1147,20341
1147,21238
1147,31268
1147,31323
1147,31874
1147,40588
1147,40590
1147,40592
1143,12816
1143,30535
1143,30052
1143,30624
1143,31305
1143,31308
1143,30862
1982,32355
1982,31329
1982,40594
1983,13089
1983,31207
1157,13990
1157,12603
1157,22536
1157,21863
1157,33942
1157,31269
1157,40744
1157,41012
252,12617
252,12618
252,22550
252,22634
252,32375
252,32376
1164,10613
1164,12227
1164,11069
1164,20637
1164,20408
1164,31330
1164,32174
1164,31332
1164,41194
1164,41195
1164,41196
2016,32693
2016,31208
1158,12932
1158,10773
1158,12604
1158,31126
1158,31467
1158,33952
1158,40586
1158,41364
1158,41365
1158,40395
1160,11330
1160,12225
1160,20157
1160,20826
1160,30717
1160,30184
1160,31261
1160,32695
1160,40090
1160,41193
1160,40884
1153,12930
1153,12931
1153,11497
1153,21313
1153,21315
1153,22093
1153,31468
1153,32359
1153,30865
1153,40238
1153,40239
1153,40420
1162,12223
1162,12224
1162,11276
1162,21592
1162,21214
1162,24135
1162,30525
1162,31270
1162,31608
1162,31331
1162,40745
1162,40647
1162,40558
1171,12228
2052,31875
2066,31469
1161,12226
1161,14771
1161,20158
1161,32694
2036,40743
2036,41192
1170,12933
2018,30185
2012,31210
1156,10614
1156,20437
1156,30183
2032,31494
1970,20287
1970,21316
1970,31610
2017,11826
2017,31609
1974,22537
2089,33223
2089,33224
2089,33225
2089,31589
2089,41610
1925,20179
1925,22756
1925,31588
1925,32182
1181,10167
1181,10160
1181,20148
1181,32349
1685,12934
1685,21591
1685,21593
1685,30867
1685,31336
1685,41368
1189,10025
1189,12569
1189,21090
1189,30021
129,12078
129,11631
129,32400
129,30464
2124,11079
2124,11560
2124,21362
2124,21553
1198,11840
1198,11841
1198,11842
1198,22064
1192,11836
1192,21552
2122,11837
2138,21866
1194,11838
776,14274
2120,11835
2120,21864
1210,11143
1210,13553
1210,11144
1210,10027
1210,13548
1210,13549
1210,13547
1210,21226
1210,23607
1210,21225
1210,20019
1210,40030
1210,40031
1210,40956
1210,40955
1218,13018
1218,22959
1218,31201
1218,31202
1218,32825
2156,20977
2156,20582
2156,22990
1226,12079
1226,13551
1226,13552
1226,13550
1226,10927
1226,23601
1226,23602
1226,23600
1226,32824
1226,31203
1231,11881
1231,10130
1238,10753
1238,10754
1238,41866
1247,14805
1247,14804
1247,11048
1247,11049
1247,11050
1247,11051
1247,11052
1247,12858
1247,11053
1247,13650
1247,13651
1247,13652
1247,13653
1247,41867
1247,41868
1269,11813
1269,11814
1269,11815
2187,10432
1877,20250
1877,21638
1877,22100
1878,34119
1275,12168
1275,12169
2192,14795
2192,34121
2192,41951
2262,41864
2262,41865
1245,13579
1245,13580
1245,11812
1245,22815
1245,34125
1236,14793
1236,22817
1271,13747
1271,13748
1271,13746
1271,24680
1271,24681
1271,24679
1268,13739
1268,23635
1244,11044
1244,11054
1244,11043
1244,23653
1244,23654
1244,23655
1244,33419
1244,33420
1262,14806
1262,13740
1220,13016
1220,22960
1330,10203
1330,10204
1330,23856
1330,23861
2133,20061
2133,23606
2133,23981
2133,20060
1203,11834
1203,14609
2317,10755
2317,12864
1263,12860
1263,34122
1256,13581
1256,11349
1256,11350
1256,11351
1256,11352
1256,11601
1256,11602
1256,11353
2353,10125
2353,20084
2353,30100
1207,10200
1207,10882
1207,10370
1207,20175
1207,22043
1207,20081
1207,30059
1207,34083
1207,30099
1207,30917
1186,10372
1186,10200
1186,10083
1186,10370
1186,20175
1186,20081
1186,30027
1186,30059
1186,34062
1186,30917
1186,40455
1186,40034
2355,10349
2355,20422
2355,20389
2355,23983
2355,20146
2355,33522
1191,12566
1191,24697
2165,23604
2165,23605
2165,23603
2165,33356
2165,33357
2165,33355
2165,33359
2165,33360
2165,33358
2165,30130
2165,41667
2165,41668
2165,41666
2165,41670
2165,41671
2165,41669
2165,40063
1306,10363
1306,21114
1306,21611
1306,24424
1306,33504
1306,33505
1306,33506
1306,33507
1306,33509
1306,33512
1306,33510
1306,33511
1306,33503
1306,33508
2392,10150
2392,20311
2392,20312
2392,20310
1309,14410
1309,10932
1309,20047
2396,13638
2389,10431
2389,20135
2389,33548
1302,12350
1302,12349
1302,24425
2391,20598
1308,13639
1308,13640
1308,30486
1295,10168
1295,20907
1291,10070
2142,20137
2142,20136
1289,13628
1289,13629
1289,13630
1289,13631
1289,13632
1289,13633
1289,13634
1289,13635
1289,13636
1289,13637
2438,10049
2438,21693
2449,13103
1313,10133
1313,10562
1313,10497
1313,10987
1313,10214
1313,14809
1313,14810
1313,14808
1313,20685
1313,20776
1313,20160
1313,20161
1313,20645
1313,20159
1337,10830
1337,10173
1337,10174
1337,10331
1337,10172
2457,10134
2457,21845
1316,13805
1316,10752
1316,10749
1316,11240
1316,20778
1316,20553
1316,24721
1316,24722
1316,24723
1316,24724
1316,20840
1278,10121
1323,10226
1323,10206
1323,13137
1323,10205
2420,20646
2455,20679
2430,23684
2430,24706
2439,14807
2439,24702
2450,10065
2434,12771
2434,11071
2434,10283
2434,10553
2434,10135
2434,23685
2434,23686
2434,23687
2434,23688
2434,23689
2479,20077
2312,20208
2398,23692
2398,23693
1200,11839
1200,21867
2148,10935
2148,12080
2148,10934
2148,32226
2148,31101
2442,20202
2442,21843
2442,24704
1329,10499
1329,10082
1329,20115
2288,14854
1219,10044
1219,20119
1219,24668
1219,30022
1219,31100
1486,12964
1486,14250
1486,33718
2508,10762
1479,12531
2528,14259
2510,10761
2542,22466
2551,33705
2495,14260
2495,23431
2495,33719
2503,23430
2568,20748
2568,24260
2568,24248
2581,24665
2582,24443
2586,24246
2586,33727
1485,12012
2547,24230
2599,11263
2599,20814
2599,31663
1466,14774
2555,14249
2624,32046
1490,14258
1490,21996
1490,31894
1482,11454
1482,30974
2557,22028
2557,30847
2557,32298
2538,33725
2545,30844
2545,32051
2611,11177
2611,12532
2611,22463
2611,32286
2611,32287
2611,41370
2561,24259
1478,10813
1478,31885
1478,31886
2497,22905
2497,24247
1484,12960
1484,40934
2649,10671
1028,13094
1028,11247
1028,13073
2656,11174
505,10916
505,10917
505,10918
505,10919
505,11042
505,14629
505,10920
505,14630
505,13573
505,10922
505,10087
505,22789
505,21044
505,22790
505,21045
505,20477
505,21046
505,20479
505,20544
505,20478
505,20543
505,23138
505,20480
505,20182
505,30553
505,30552
505,30555
505,30554
505,30435
505,30434
505,33433
505,30556
505,30075
512,11072
512,10966
512,10967
512,13965
512,14838
512,14839
512,32666
512,31034
512,32487
512,33546
512,34152
2691,14415
2691,23041
2691,30254
1358,12977
1358,24402
1358,24387
1358,33372
2725,24386
2689,32905
2689,33371
2740,22956
1388,10844
1388,12123
1388,23466
1388,31085
1388,30575
1388,41598
1369,13414
1369,10864
1369,14404
1369,10962
1369,24380
1369,20628
1369,31087
1369,31476
1369,30421
1369,30420
1366,10845
1366,14402
1366,10914
1366,11004
1366,14734
1366,23060
1366,22989
1366,23985
1366,30467
1366,31086
1366,31341
1366,40597
2531,13506
2531,20560
2531,21886
2531,21887
2531,31914
2531,33333
2531,41730
2531,41963
2803,21885
2803,23558
2803,33535
2803,33334
2803,31581
2821,12588
2821,21444
2821,23005
2821,30831
2821,41677
1378,12198
1378,13110
1378,11864
1378,12108
1378,21888
1378,20827
1378,20828
1378,20813
1378,31915
1378,31917
1378,31803
1378,41675
1378,41676
1378,41167
1378,40954
1385,13545
1385,13546
1385,31921
1385,33537
1384,14448
1384,13508
1384,13509
1384,12433
1384,23001
1384,23588
1384,23589
1384,31920
1384,33536
1384,33332
1384,32222
1384,41674
1384,41168
2829,41963
2833,10969
2833,31958
2837,32346
1032,10961
1032,31948
2258,11668
2258,20730
2258,20705
2258,30481
2258,30692
2045,10285
2045,10635
2045,14445
2045,22740
2045,22217
2045,22968
2045,30484
2045,40145
1037,10373
1037,10394
1037,10901
1037,21031
1037,22157
1037,20410
1037,31043
1037,31175
1037,40190
1044,10566
1044,10514
1044,14447
1044,20731
1044,30999
1044,31091
1044,40184
2850,41287
1389,14408
1389,11565
1389,11147
1389,21415
1389,23505
1389,30841
1389,31547
1389,32854
1389,40245
1402,11031
1402,11776
1402,13398
1403,11559
1408,11723
1408,21771
1408,21772
2895,11893
1395,11634
1395,11636
1395,11891
1395,21769
1395,21770
2550,11096
2550,21014
2550,21702
1404,11719
1404,11097
2565,11104
2565,11105
2565,13394
2565,21348
2565,21132
1396,11635
1396,11717
1396,11099
1396,21041
1396,21042
2567,11100
2567,11726
2567,23447
2567,23448
1421,11915
1421,11101
1421,21346
1421,21548
1432,11892
1432,13290
1432,13393
1432,21130
1406,11720
1406,11721
1406,21546
1394,11633
1394,11103
1394,23445
1394,23449
1410,11896
1410,13887
1410,11339
1410,11340
1410,21774
1410,21124
1444,11341
1444,13293
1444,21015
1444,21123
1431,13291
1431,22852
2894,11098
2894,12910
1433,11554
1433,10747
1433,11555
1433,10792
1363,10748
1363,10793
1398,11716
1398,13399
2560,11102
2560,21131
1401,11718
1409,11724
1365,10820
1365,10819
2268,10756
2268,20409
2268,33281
2268,31949
2268,40430
2838,14778
2838,32909
1377,11828
1377,13505
1377,22047
1377,21656
1377,33331
1377,31804
1377,40757
2836,10719
2836,20425
2836,30488
2836,40214
627,10146
1448,13598
1448,12889
1448,14468
1448,14465
2590,14781
2590,24655
1440,14578
1440,24456
1440,32186
1354,34114
3155,24658
629,12154
629,11271
629,14682
629,24448
629,24449
629,24604
629,24660
629,34035
629,33913
629,33914
1460,14768
1460,41961
1118,12207
1118,12208
1118,10494
1118,12812
1118,21294
1118,21295
1118,21296
1118,23619
1118,21297
1118,21300
1118,23234
1118,31584
1118,31585
1118,30056
1489,41960
874,10757
874,12075
874,33962
874,33335
188,11764
188,14693
188,34141
188,34111
646,10803
646,10142
646,11222
646,14778
646,20358
646,22197
646,24601
646,34111
646,41594
608,12647
608,22915
608,24676
1328,24629
1328,23006
1328,24630
1328,33978
1328,33991
1541,10897
1541,11343
1541,31006
1541,31230
741,14618
741,14617
741,14661
741,23253
741,21065
741,30073
741,41913
741,41962
1204,41962
1367,13413
1367,14403
1367,21541
1367,34104
524,14579
524,14558
524,14559
524,14688
524,14556
524,13012
524,14580
524,34017
524,33920
524,34113
1125,14773
1125,34135
1125,34117
1506,12102
1506,12869
1506,10607
1506,11703
1506,21759
1506,21760
1506,21761
1506,21762
1506,30204
1506,30794
1506,31504
1506,40819
1506,40820
1505,11518
1505,12941
1505,12944
1505,21651
1505,21652
1505,21521
1505,22857
1505,22860
1505,31968
1505,32663
1505,32665
1505,41327
1505,41350
1505,40814
1505,41351
3189,33322
1523,10280
1523,13776
1523,12942
1523,12944
1523,21932
1523,21757
1523,20475
1523,22859
1523,22860
1523,33556
1523,33030
1523,33033
1523,32664
1523,32665
1523,40815
1523,40816
1498,11698
1498,11699
1498,11700
1498,11701
1498,11517
1498,10831
1498,12315
1498,21754
1498,21755
1498,21756
1498,22429
1498,22254
1498,31406
1498,32225
1498,41351
3217,23889
3217,23245
3217,34040
2069,23889
2069,21758
2069,32494
2069,40817
1515,11075
1515,10099
1515,20966
1515,20541
1521,12938
1521,12939
1521,12940
1521,22855
1521,22856
1521,32661
1521,32662
2644,23464
1519,11011
1519,31506
1520,10832
1520,34040
1520,40157
2627,20720
2627,20721
2627,20719
2627,40360
2627,40361
2627,40359
3245,20167
3245,40713
3174,22152
3174,22622
3174,32066
3174,31064
3174,32270
2652,12943
2652,12944
2652,22858
2652,22860
2652,33323
2652,32665
1522,12312
1522,21933
1522,22737
1522,21757
1522,22155
1522,40923
1510,11704
1510,11705
1510,11706
1510,32281
1510,32282
1510,31505
3254,10156
3254,21150
2276,14789
1531,10378
1531,40784
2574,24659
2574,34106
3299,32061
1107,12200
1107,11430
1107,10869
1107,10870
1107,10871
1107,21294
1107,21295
1107,21296
1107,23619
1107,21297
1107,21299
1107,30535
1107,30052
1107,30624
1107,31305
1107,31307
1107,40412
1107,40081
1027,10804
1027,12767
1533,13786
1533,31097
1532,11664
1532,21637
1532,30614
2660,21113
2660,31664
2660,40783
3296,31098
1355,14544
1355,13045
1355,24691
1355,24488
1355,32596
1355,33486
1356,14541
1356,14542
1356,22833
1356,24487
1356,33300
1356,33995
3444,12868
3514,41313
308,11281
308,11282
308,12613
308,41214
308,41215
3517,40916
3517,40917
1738,21782
3519,12496
3519,12616
3519,12186
3519,41957
446,12185
439,12496
439,12616
439,11521
868,11610
868,14613
868,40025
868,41681
706,10148
706,40365
2207,21079
2207,31007
2207,41679
3526,10711
3526,12986
2218,20707
2218,21206
2218,20708
2218,24621
2218,40016
2218,40064
2218,41935
2218,41759
974,12570
974,14703
974,41584
974,41416
974,41585
3529,13460
1063,10777
3534,13771
2292,20939
2292,20829
3536,21875
3536,31366
3537,24613
1073,14742
3539,21878
3540,40576
988,11423
988,10985
988,21930
988,21526
988,41071
1136,12598
1136,13423
1136,14005
1136,23468
1136,23469
1136,23472
1136,23473
1136,23475
1136,23476
1136,23760
1136,40554
1136,41607
1136,40734
1102,12201
1102,12202
1102,12597
1102,12203
1102,10215
1102,10597
1102,20912
1102,20913
1102,20154
1102,40418
1102,40331
1102,40032
3545,40254
1201,12622
1201,14750
1201,11561
1201,21363
1201,21364
1201,21365
1201,24699
1201,24700
1201,21551
2260,13027
2260,12070
2260,22957
2260,20641
2260,30774
2264,12550
2264,23522
2264,23848
2264,30485
2264,41641
1035,10860
1035,20732
1035,40382
3550,10595
3550,40431
1417,13288
1417,13292
1417,21118
1438,11727
1438,11777
1438,21017
1438,21119
1451,14851
3556,34105
3556,41953
3558,34110
3559,40756
2636,10902
2636,21554
2636,23246
2636,40466
2636,41331
3563,40947
2,14397
2,21147
4,11495
4,11326
7,10868
7,14375
7,14724
7,21092
7,20917
7,32575
7,32577
7,30987
10,11762
10,13365
10,21799
10,23396
11,13228
14,13736
14,23728
16,10877
16,14498
16,14718
16,11087
16,14719
16,24609
16,24608
16,34047
16,34045
22,14587
22,14588
22,23292
36,10317
36,10505
37,14679
37,14684
37,24591
37,34031
45,14657
45,34003
48,11292
48,12991
48,20013
48,21791
49,14672
49,10936
49,13266
49,24573
49,24574
49,24419
49,24418
51,14460
51,10117
51,20557
51,20438
51,30161
52,13543
52,22593
52,22594
59,13444
59,10979
59,10980
59,21237
59,22839
59,23717
59,24686
59,30128
59,31535
59,31536
73,11519
75,10900
75,31092
79,13463
79,10404
85,10907
85,11218
85,11919
85,22104
87,10107
87,10106
87,20658
97,12609
97,23725
98,13025
100,14761
103,14772
105,14466
105,14467
106,11018
107,12101
108,11849
111,11700
111,11701
111,21756
111,22429
118,21309
119,14650
119,24554
121,11975
121,12996
121,23774
121,31515
123,21977
124,21303
134,13350
134,23386
134,22965
135,14681
135,24454
135,22969
135,24455
135,34113
138,22161
140,20727
140,20728
140,20726
140,21377
144,14437
144,23377
144,24420
144,41921
144,41873
144,41872
146,23889
146,24468
149,14344
151,10636
154,11579
154,10721
154,21566
154,21654
154,31528
157,10014
157,11412
157,11912
157,10018
157,20334
157,22836
157,30006
157,30693
157,30114
158,11015
158,21418
158,34107
159,10501
159,10554
160,11710
161,11321
161,10982
161,14756
162,14664
162,24673
163,14616
163,21574
164,14843
164,14844
164,24520
164,24742
170,11696
170,21575
170,21576
170,24632
172,13558
172,13559
173,10657
174,10232
174,20123
176,12947
177,11666
177,21647
177,21440
177,34059
178,14446
179,14855
181,11216
183,12738
183,31459
187,11354
187,11355
187,11356
187,11357
191,14774
191,41954
192,12074
192,14773
192,24519
193,14784
193,41966
194,11698
194,11701
194,21754
194,22429
195,11699
195,11701
195,21755
195,22429
196,20575
196,41857
197,22951
198,22803
199,21463
200,21900
203,24490
204,24494
204,24541
1334,13104
1334,21840
1334,21841
1334,21842
1334,20039
257,14341
257,33779
933,14691
1285,14727
1350,10829
491,10872
899,11238
899,12891
899,30049
899,32263
1086,11287
1086,22165
983,14704
983,24623
983,34070
353,12744
442,12495
1051,12903
2239,23813
2239,20252
2307,21213
2453,20079
1879,20335
2168,14757
2168,13323
2168,21753
2168,22840
2253,22736
2253,22935
2608,24436
2273,23044
2271,23038
2112,23585
2112,23002
2399,20151
2399,20018
1770,22802
2579,24666
3566,13243
3571,23375
3576,32716
3577,24472
3582,21398
3582,24619
3583,30016
3588,14743
3594,21582
3597,20058
3600,24665
3606,41964
3644,30068
3644,30071
3647,21865
3648,24484
3648,32221
3649,23206
3650,23656
3656,24661
3657,24669
3663,20747
3666,34138
3669,30667
3669,40747
3670,30076
3671,34068
3675,34101
3675,34102
3676,41854
3677,41645
3683,40260
3683,40261
3683,40259
3687,41952
