instructor_id,course_id
3,e19b861c-deea-4f03-b04a-b0fa933932aa
3,98820e7c-cd9b-4ff8-a1fb-73c3ce48759e
6,dedef2b9-30ec-4942-9387-0abc7432715a
6,e19b861c-deea-4f03-b04a-b0fa933932aa
6,6e07038f-959f-4c3d-a53a-f0032fb1f3c1
9,dedef2b9-30ec-4942-9387-0abc7432715a
9,3e1cf9e8-1ece-4cad-8fff-463d6f529252
5,508ced57-24e9-4547-a108-28b5cf68abee
5,6f853a61-9bb1-468b-88b5-23840bec9354
5,292ec5cc-4146-4837-862c-c7035e3395e9
5,ebb83d32-f2db-4b46-be88-2cdbb6a360f4
13,5ae39adf-ec25-4738-bb4b-168d7997d819
13,c74e550e-f10b-4570-9806-a3e042984fe1
1,e19b861c-deea-4f03-b04a-b0fa933932aa
1,98820e7c-cd9b-4ff8-a1fb-73c3ce48759e
1,dc49c41c-bb99-4104-a219-beec09c0a658
1,fd059143-539a-4666-b39f-7f7faa3e44c3
1,8630f373-ad29-49f9-986a-ab2360a6c4c8
21,563c21dc-89f5-4646-92c8-98c1c199f016
24,09078838-f821-492c-8912-cb2e4cee62f7
24,b25e2466-0cb0-43f0-bce9-882c13f01b1f
24,95ef00c4-7d17-47ed-90d1-9cd7ab548540
24,6d8a3380-51c4-4fa5-beed-9130d9fa2a51
24,30b3f6f0-7c90-4a1a-9c20-3de30be88fc9
24,81ce289b-c283-4a0e-b4d6-49f97dfcf737
27,1bdfa1e5-6701-40cc-97a3-a24a1d65656d
27,05cb4331-924a-42d5-b8e2-147bb2f10099
27,8645145f-e5de-4b7b-9edd-e1024b57031a
29,1bdfa1e5-6701-40cc-97a3-a24a1d65656d
29,05cb4331-924a-42d5-b8e2-147bb2f10099
29,8645145f-e5de-4b7b-9edd-e1024b57031a
29,6d8a3380-51c4-4fa5-beed-9130d9fa2a51
29,dd256a0c-a5a1-4ad0-8587-e7b5ee0100ea
32,59ce59db-564e-40b4-a654-eea600e5771e
32,b37e1727-293f-4986-8f4d-0a0c31ada94e
32,f079bc52-9762-44fa-a51f-a9fa079642d3
32,248f69fe-bbb2-4dac-9399-ce2ce63305ed
32,931ebe90-e4fb-48d5-8694-6699d24b610e
32,d83964c0-a8d1-41f0-985d-5419727efdf4
32,dd256a0c-a5a1-4ad0-8587-e7b5ee0100ea
32,c906b9f4-3534-4278-b936-9d584bac5eed
54,e392e969-1141-4ce2-8b17-ee3061709664
54,b6dba2f4-a1cf-4ec2-80e5-b4eb85a06223
54,4058c0b6-1ede-479b-a0d0-93bbd2371300
54,80ce111a-3956-476f-b908-659feb5419bb
55,0a6d3724-bbbf-4762-a594-d6b11dcf094c
55,5e527c13-1b6c-429a-8a24-3b8fb8fd3d52
55,487eba3c-fe82-4372-ba28-3855622f90dc
55,cca51bc3-fe59-4b54-8fe8-c2d73847cca3
55,495baedf-8e1a-4771-919d-026912d0e5f6
55,06e35750-091d-461f-b848-cce98fd54ea3
69,2b7e7adc-637e-4c37-ad7f-39b8a24eb13c
71,4cc1eb44-ada1-4a4b-93cb-5dc44484f69b
71,dd373e8d-f977-4409-983b-e20b7ab80679
20,080ea010-a9b6-4b69-bfbe-c7b54a97d5bc
20,42cb9c57-fcda-4709-9843-7a83867299d0
20,4eb24bbd-c317-43b8-8c7c-5c28af02456e
20,53190559-9e80-42dc-b0ed-a3d21a2c62fe
20,04ea0a01-c2d5-4d2a-b6d8-cbeaa79b69ba
88,5009264b-9142-4226-9082-0d900ae1008e
89,5009264b-9142-4226-9082-0d900ae1008e
89,9f619031-d8fd-4a67-ae7e-83e4d2448859
89,196a432e-ba47-48e9-a074-fa011017a520
89,3deb9c2d-f5e8-4a43-9b6f-658402f73bbb
92,4c1a776a-918c-4164-b680-d3e2ceeaca67
92,269c176d-7a12-4597-9198-18555256672a
94,79f95859-ddc4-4ae7-aa5b-352e9b80217f
102,2c4f7a2d-b9b7-4d97-88dd-8488b87780b9
91,4696b0e1-d575-47ae-9918-47722f35e316
91,25697c4c-3903-41dc-aa01-de59b18c4fb4
109,adc601a5-b08b-482d-bd7c-8ce4bd8f4fd4
109,c76413a6-fc9f-4df8-b1e2-a19403b52642
109,1e8b93d4-8311-435c-a892-cefcd2fe0776
110,7d56a1b1-ad71-40bf-9f4e-1f5ee0f20433
93,b5e8f3bc-f29c-4318-bff9-6b6e178c7db6
93,fd422ea2-dc52-4b21-9805-7b29c1b12e2a
93,38564d5c-0228-4552-8d24-37bde7969ae4
93,1b309da7-3db5-4144-b190-dae6705fd4d2
113,4c05ed4d-c15c-488e-8c27-224b040c3a9b
113,8efdb334-3e28-48f8-b504-c8ad6cfe2ff7
113,b235a80c-aae8-4d19-bf11-389c96966784
113,c843b9cf-ddd9-4ed0-878b-e3919af09676
113,745e670f-62b6-4bdc-ad4c-73c4ecea2ae9
116,8efdb334-3e28-48f8-b504-c8ad6cfe2ff7
114,8efdb334-3e28-48f8-b504-c8ad6cfe2ff7
114,a5992331-9755-4f19-9412-5f15ef1c4b4c
114,81925394-a3a6-4888-aaaf-f80eb79889d2
117,e1b5bf14-2e4b-428a-b1a6-3ae9fc87cfa4
117,a69f9167-75e6-40e4-ad18-b76ff16b300e
117,913a6582-b4db-4378-abdc-18ff53bbda8f
117,593d0792-a6f4-4e18-8422-06103934395d
117,c5511599-729f-40f0-b2fb-a4a547bd9ed0
117,1e059ad5-6b18-45d7-b2d9-5497feb66b69
122,54e904cb-caac-4fbe-a511-5d3dbe71c3e2
122,06b64295-080f-4a65-98fa-0648990e8308
122,745e670f-62b6-4bdc-ad4c-73c4ecea2ae9
115,8efdb334-3e28-48f8-b504-c8ad6cfe2ff7
115,b235a80c-aae8-4d19-bf11-389c96966784
115,6ceccb6b-e19d-41da-8102-f5f4c733c8d1
120,d417c982-209b-450c-a544-e43cea6ec04b
120,593d0792-a6f4-4e18-8422-06103934395d
120,54e904cb-caac-4fbe-a511-5d3dbe71c3e2
120,37ffe16b-1787-40cc-ac2f-697c2eaa2fbc
137,8f035908-0003-4680-81d8-39b5fd9e9a9a
137,18a6d355-f7e0-4dad-9a68-fc2118c1fd0f
137,bb74c0dc-41e3-46ee-88dd-e0d074a4a272
137,002be1a4-6d2e-44a2-b974-5aab4c233c3d
139,6c79abe3-4d78-4864-9306-c2c7bf5bdaa4
139,f31d49de-bb80-4558-b018-8e7f602c6f66
139,6750626a-eb6a-4f73-aca7-f28c8121dc72
15,da033559-c109-4bbc-b0bb-6f0e9ece055d
15,3b587f4c-5e32-440e-b202-883709cc2e0d
15,608da4ad-2ebd-4f1f-9b10-88b08153c8ff
15,047958be-b7fa-40a6-b010-483f39b89049
15,bfb0f118-d77d-49d8-8231-cf34ce853598
15,6e0e358d-75ba-41cd-b17c-ee8211073bdf
15,6c79abe3-4d78-4864-9306-c2c7bf5bdaa4
141,6c79abe3-4d78-4864-9306-c2c7bf5bdaa4
141,89b48f0a-aee3-4af4-99af-e3e9c7deab16
141,80ec3c1f-1bf4-4320-88b3-a0fc982c0d1c
142,89b48f0a-aee3-4af4-99af-e3e9c7deab16
142,205437a9-57ca-4773-913b-38f95d2bb8f1
142,8271249a-a5c2-403e-b735-73028fbb706f
142,0c4efcce-5d31-4a3f-8587-b2836f0cc1dd
142,6178bbad-2200-4336-9aae-d1ba62faa509
142,a1d6ba0a-651c-42c7-be15-55d9815146b9
12,6f853a61-9bb1-468b-88b5-23840bec9354
12,ef3e3896-1012-48ef-bdf9-f88663c2b447
12,95bb7615-5382-4a62-ab6e-62b6849d6204
12,6c79abe3-4d78-4864-9306-c2c7bf5bdaa4
12,8630f373-ad29-49f9-986a-ab2360a6c4c8
148,a83df26e-10da-457e-b5e2-cec9cb42f907
148,270507f9-811f-45bf-b1d8-b91e9e84ad14
148,5fa4639a-56c6-452a-b37f-ddf6646acb63
148,4b0227b2-1d37-481c-8b05-95cd4f76507a
148,0abb4311-e5d9-4a58-b310-c9ff23630c47
8,6e07038f-959f-4c3d-a53a-f0032fb1f3c1
8,da033559-c109-4bbc-b0bb-6f0e9ece055d
8,3b587f4c-5e32-440e-b202-883709cc2e0d
17,cda587b0-0e58-4351-8550-7bdb20117c68
156,a46ed64b-d3e6-4027-b9fc-1355f01b6869
166,9f50c713-9bae-4e0c-97a0-047ca9fb119d
166,a7575b7a-6a4b-4931-bb09-a1859fb0d62d
166,3d04d580-17f4-4731-9193-6f5e3f170584
166,fd04cd02-4932-4220-b76b-d67a9f15d253
166,fc61ebcc-e5b4-43e0-84fa-1d7f14e16ae4
167,f2811072-e948-4897-9290-6b035979c42a
167,e7ee6837-cc5f-40c5-a22a-3e7263105c78
167,ddda5940-d111-4938-a54a-d049328575ac
165,3fed6901-561c-4262-acc6-5b0105093948
165,f3257c3d-ed9f-4723-ae6b-32ed233e2b65
165,8d1d6e57-5994-48c1-ba2d-4a7bbd873516
165,a0541d88-87b4-4d6d-a302-6c997782da1c
165,5a1be7d0-e7a4-4c78-b7a3-42023ecf0f5f
165,80772cd3-fe99-4d23-aecc-9af7579003e1
76,29adb1da-a81c-4b9c-83c0-29f7680fe38b
185,92bc237a-6e3e-482b-8d05-78e4430da32f
185,cc27bdea-63a4-4f35-983d-9fdc7103bc63
185,099fee4a-26db-4257-a90a-7a28509eff15
175,ffa5e51c-2668-4069-857e-cdcfbad27a39
175,c4977b28-c5f3-4b28-a488-9412b99660f6
175,d2af2fef-01fb-43be-a0f1-1a6bac96deb8
175,258c9f4c-b025-4342-bf71-3ecc04c24c31
175,aba8ec2b-4fb5-4112-b999-e5b9dbf55728
182,db0ec00d-81af-429c-b5a6-1d281ac23296
180,db0ec00d-81af-429c-b5a6-1d281ac23296
184,6b24097c-1cc0-4f71-a5cd-185e7247bcb1
184,c6e44db3-bd22-4c3f-9a61-37f825bb0cd8
184,295bbf56-0397-4c44-b8c6-4e84f7df8be9
184,24c2bc2e-166d-49b0-96b2-60d32e448f08
184,509b9ae8-71ee-4ca2-a14f-fdfdd34aafac
189,563c21dc-89f5-4646-92c8-98c1c199f016
190,099fee4a-26db-4257-a90a-7a28509eff15
190,295bbf56-0397-4c44-b8c6-4e84f7df8be9
190,24c2bc2e-166d-49b0-96b2-60d32e448f08
190,509b9ae8-71ee-4ca2-a14f-fdfdd34aafac
186,92bc237a-6e3e-482b-8d05-78e4430da32f
186,97162ac6-aba5-4761-a7ff-4ffc0e368b14
186,cc27bdea-63a4-4f35-983d-9fdc7103bc63
186,19ac84b2-67c0-4201-8106-8b290acf9394
186,ea074b4a-2315-4979-b863-e5b1a9c2f280
201,0b746c37-f74b-4aa1-87fe-c92e4b345e42
201,d072e03a-7b44-4ac9-90e3-750b15dfc8f6
201,91d8dcdd-ce51-4228-acf2-d1d9d936f9c9
201,361d7748-ed50-4457-8c5e-9eb5cbe4f2f9
201,ce18397a-b7b5-4ff7-8158-a8d5568e9cd8
201,0ecc0b02-1f4c-4d44-a94d-c34aee82e1a6
201,ab02dcf1-65d8-43eb-9030-c48fd359137d
201,ac4fca4d-9f55-4b66-9f9e-847d10fab21a
201,163f78e8-1d56-408e-94c1-9c879d8c4596
209,8266d29c-0807-4ac2-8817-44e0d14215df
209,1348275e-ef90-49a1-86b6-b5efb7dc6109
212,253b75fc-c1cf-491c-9107-e24012996f23
212,06610279-34f7-427a-b174-b990685735ab
214,b49e8946-4ae1-4255-95fc-4df4cfc84fdf
214,159efab1-0d93-438d-a3f7-3ea82f02122c
214,bc2234fa-1bb3-4c32-ac60-2253db4859fc
214,71747a16-8e26-4e53-b61b-d40b86e7bffe
214,fd274bbf-9474-4dcb-b2a3-eeaa08f0527c
216,361d7748-ed50-4457-8c5e-9eb5cbe4f2f9
216,0c403cc0-779d-43d6-ae6c-cc8f012539a1
216,c4b419b0-5907-4f12-ba89-5a9ef8362820
216,c52c035a-8d48-47d9-9e1a-94968a8c644c
217,72a2b490-85d0-4d5c-8817-523713b02ee8
217,c4b419b0-5907-4f12-ba89-5a9ef8362820
217,70c6c221-48c6-4f11-a6be-a0ac538bf007
202,d072e03a-7b44-4ac9-90e3-750b15dfc8f6
202,ff2cc552-d495-486e-9ceb-1e3313b34187
202,a6d17cad-d538-469d-bc68-e74e37c7ed65
202,e3d56f41-a1c8-4f1e-95f4-b7b632d02aed
220,c4451c8b-e718-435d-b620-a19978160428
225,253b75fc-c1cf-491c-9107-e24012996f23
225,8710d178-a475-4857-9e3f-7c2b1823558f
225,421bbb3c-b00e-4264-a44b-1661f555c2f0
225,b0eedc13-6873-4f52-810d-22f1fb1b405b
225,a0750598-e208-409f-ba6a-e52a1dba37fd
219,d733ab5a-e1e6-4acf-b13b-33054d8fa9fb
219,12b1633e-28e4-4262-816d-82544a0444a4
219,ba381243-11dd-4093-b6da-940dfeb7fd48
219,a1b4e8d5-9396-490d-919a-055eb1b1b456
219,8710d178-a475-4857-9e3f-7c2b1823558f
219,421bbb3c-b00e-4264-a44b-1661f555c2f0
219,b0eedc13-6873-4f52-810d-22f1fb1b405b
219,a7a878f1-82a1-44d4-97b9-8c54f802ad76
219,e5654305-c919-4a68-8a83-fafca5b0523f
205,3292d5e6-5057-4cec-be05-179949412a62
235,57ce7901-5ba5-431e-838c-d1c642c107f2
235,fbd51cf6-07f7-4641-933c-77e90951beda
150,8630f373-ad29-49f9-986a-ab2360a6c4c8
150,998b0437-3cd8-41e0-b2c3-0391ff80aa6f
150,43f673ef-dd3e-41d8-86cf-7b3334684e20
143,bd7ddb58-7692-45af-b92a-0d9c46427c1b
143,8630f373-ad29-49f9-986a-ab2360a6c4c8
143,f2b7ff0d-334b-4ccf-a172-7dd065aa3166
143,f5dfa77e-b6fb-4c2c-a4c8-87f61a459431
143,792267a6-2cbc-41b6-967b-8c01c27a68c1
143,998b0437-3cd8-41e0-b2c3-0391ff80aa6f
145,b50daedb-362d-4688-8924-ebeaf629dd04
145,83d94db5-4065-4473-bafa-32bf1856d70a
145,bc3f5962-2682-40bf-91c0-69149ec0f349
250,f1458fc8-ee9a-4428-a96a-9277646b6a9a
250,8953a64f-5a4b-41e3-831c-308610d9a0fd
250,35fbe5ab-cdd3-457b-a234-95412c8042db
256,d50e3c13-1908-42cf-9f7e-dc3d0dee798c
256,b2d69622-f2cf-4581-b041-c8d304add51c
256,f7df5767-2f3a-4bd7-9ef3-28fd27cbeead
256,4128e56f-05d3-4ef3-abc5-11b59539ded5
256,be7ebb62-aad4-413f-a8c8-a63089a8708f
255,d50e3c13-1908-42cf-9f7e-dc3d0dee798c
255,fea23109-a3bd-40cf-9c63-81979f34fdb1
255,f288677f-6f00-417c-8d4a-7e064486d620
255,c31e84aa-4cfe-4299-a20e-2835a8cf22bf
258,104bb192-4a18-44c4-b9cd-57bbe4bc6071
258,72039757-9fe5-4a6c-829d-3f276072f06b
259,932c8f49-de4a-4c54-9c7a-721bfb314473
260,72039757-9fe5-4a6c-829d-3f276072f06b
260,d2c64b23-7b95-47ba-a3ad-19b98872a334
260,4128e56f-05d3-4ef3-abc5-11b59539ded5
260,be7ebb62-aad4-413f-a8c8-a63089a8708f
260,c31e84aa-4cfe-4299-a20e-2835a8cf22bf
261,104bb192-4a18-44c4-b9cd-57bbe4bc6071
261,34e21e24-72cb-4625-9173-3a322a0883bb
261,4128e56f-05d3-4ef3-abc5-11b59539ded5
261,be7ebb62-aad4-413f-a8c8-a63089a8708f
262,4405693d-91d7-45d6-937b-60ca78f894e7
262,f288677f-6f00-417c-8d4a-7e064486d620
262,54426867-993a-4703-8105-83f29eb1a305
262,be7ebb62-aad4-413f-a8c8-a63089a8708f
265,104bb192-4a18-44c4-b9cd-57bbe4bc6071
265,d2c64b23-7b95-47ba-a3ad-19b98872a334
266,db44965f-d7d9-4c49-9a01-5aaacfb2e2f9
279,4eb4b5a6-cf13-421e-b0bf-2f84af967bb1
279,d470d36c-74f7-49b8-a9c8-2b7b4890c38c
284,155c9d04-ee66-47b2-b824-3e090ba853d8
284,acc2e541-2449-4ff7-91d1-72e6bb1e834a
284,4c539ec3-9fb0-403d-b565-876bf0a433c1
284,cb0519e1-1ee9-405b-95ff-fd24a6437d09
284,4a65272e-acc0-4626-9914-8823d6522017
284,82b3aeb4-210f-4531-b7d1-18410c45cd0a
280,dcd3352f-1ad1-4792-b6e7-379e6a28a229
41,3f107cb7-bea1-4f8e-bf53-925f8b4244fd
41,7d81ae40-5195-4e48-8e9b-2f2b73104082
41,808813dc-635f-4ee9-be30-34cd9958a9ee
41,8ea01fc1-e77e-4919-9f46-46c8a92a7c1f
41,8607617b-aec2-48fd-94e4-fa0539a1e465
41,54d6e223-a26c-4b1a-9e9a-7680cb379385
302,de79f234-52c7-4726-878c-2d1442b90101
302,acc2e541-2449-4ff7-91d1-72e6bb1e834a
302,4c539ec3-9fb0-403d-b565-876bf0a433c1
47,243464c2-e0a4-489a-aa0e-ef9df7aa9d9b
47,16e274db-39fb-40cc-b77d-c6c519229fe0
47,4a65272e-acc0-4626-9914-8823d6522017
47,82b3aeb4-210f-4531-b7d1-18410c45cd0a
277,aa69506e-c95b-440f-8561-358251610568
277,d11aabd5-136f-44d4-b011-1e8e3677310c
277,426b1a61-c1db-41c4-825c-adc35f4075f6
283,65d7b1d0-8f00-4091-8bf9-7a3181b53717
283,3246c581-433d-416b-a77f-a203e2d53276
283,155c9d04-ee66-47b2-b824-3e090ba853d8
283,b99cf8e6-a953-4e8e-b0b6-88412a0b935a
283,d470d36c-74f7-49b8-a9c8-2b7b4890c38c
283,cb0519e1-1ee9-405b-95ff-fd24a6437d09
283,4a65272e-acc0-4626-9914-8823d6522017
283,82b3aeb4-210f-4531-b7d1-18410c45cd0a
270,663e98af-0938-4362-9603-61b1f064c850
270,b99cf8e6-a953-4e8e-b0b6-88412a0b935a
270,31eefce5-11a1-4ca2-9f02-96cbd3660928
130,93c12af8-4f1c-4731-8d98-bda00a9417a4
130,f4351376-32d9-4d48-939f-4bbedf689b0b
336,7b832e2d-7832-45de-b281-859138d14b9d
336,df710b15-badc-4c0f-b643-1cc8dda207de
336,379011aa-3701-4937-9042-d33ecc6af3dd
347,1ecb77f1-d0ae-46ac-abfe-6a15638d90b4
347,26178218-a115-4277-ab62-20a39d6851ad
347,4aa6bff5-236c-47d8-a993-cd818d8b86bf
347,f3114d8a-21bd-47f2-846b-02fbd0137c77
347,5676bad2-7524-437d-ae2c-f0c0d8294466
347,3d2ed92f-41fc-48e8-a051-c29501d06a49
322,05d7b138-51cb-47f0-aa2f-d2dfd6bc47ad
322,c8942824-2e40-4557-8187-c5d4e530905d
322,379011aa-3701-4937-9042-d33ecc6af3dd
322,15fda002-67ca-4f90-aca3-ccca58a0aaad
322,6391417a-d058-46d6-9328-b2d78941f47e
322,774d6374-109e-46df-b6f6-28d6d5eebfbb
322,60ed2eb2-4d52-4586-a35f-ddbb35d5107d
329,0381e490-480a-46e8-8a3b-5d380f7e89e6
329,4b8d3080-784c-4f0e-b93a-313286067e33
329,c5518468-0f07-425d-903a-159b07759b55
324,54ebb844-d82d-4706-a257-ef9ec5bc1189
324,8c0929b7-a845-4387-b4fa-195c6f3e241b
324,a2133ea8-5c14-4fc9-8cc9-00c753f459b9
324,211f35e3-020b-4fda-a58e-b287e0de66b0
324,5419b0f5-e3e4-4d50-88fa-3527910844fb
380,936b899a-8ad9-4f8b-8f0c-0a596918cd8a
380,829a30b7-9873-4110-9e21-d0d7ce1eecad
380,d88bb470-0e47-4623-b9fe-7c4fdfdffaa6
380,7c92e56a-55bd-42f9-bdee-6ab657d01096
393,16f71f76-e103-4a6b-820b-a4f90cb23af4
393,c4057c9c-e5b9-4950-8e85-03fac3858334
393,4b63238b-ad70-42db-ab90-94162c3be3a3
383,2c55d218-df2b-4b4f-aa37-061b6f238be2
383,20ce4df7-6071-4be7-add4-7fb4731989ff
395,9ed5da4f-6e57-4954-8492-f138d088216b
386,f44aa30d-847d-4d5e-b7c7-76f457176f9b
386,a4b74d01-9912-4762-9bbd-7b1658e0cf56
386,f26abfc7-e705-4259-a8b9-4cf84b6cdde3
386,db4f533c-57cc-4932-959e-283ec77d88e6
386,b9457b70-f7bc-4b8f-87d6-11844085ec08
376,602145d2-4ce7-424b-828a-ba37c5ee3feb
376,2c55d218-df2b-4b4f-aa37-061b6f238be2
376,04a5182d-97e0-43ae-9e6b-72a5010e9dc1
376,5bcce92e-2801-4174-a445-177103c1768e
376,04fe0956-a2af-41b9-8e64-bb1f8b39e172
390,28148b0f-cdbc-4dad-bb46-42cce7ddd7ae
390,bbe0d1fb-b8b9-4eb4-8252-d6fad0ce632f
391,b92a3de0-1f85-4cb9-b1fb-b999a5c53c77
391,667fdc65-e2f4-465e-b43c-ea5e9b2df44c
391,cfb8be2b-cf00-4016-bead-5c6fea4205d8
391,5bcce92e-2801-4174-a445-177103c1768e
391,bbe0d1fb-b8b9-4eb4-8252-d6fad0ce632f
374,23129e1d-66a4-4fda-887c-a7e594b10d50
374,f44aa30d-847d-4d5e-b7c7-76f457176f9b
374,bbe0d1fb-b8b9-4eb4-8252-d6fad0ce632f
101,5c24b580-1185-4a09-8ffb-368a956def7e
101,b5e8f3bc-f29c-4318-bff9-6b6e178c7db6
101,ed8c7272-0a42-41e0-8c2e-5a31a36242ab
101,bf334437-dd7e-4bb5-b7f8-be9ab933ecc8
101,3120ed3b-3325-4555-b8f9-8ea82b4f1d94
405,3e0a7ed0-337b-4ec2-ad70-a9a19c8d2d23
405,dfb906e2-7454-4f07-888b-25dead698a5f
409,3e0a7ed0-337b-4ec2-ad70-a9a19c8d2d23
409,6690a649-58f6-4947-81e4-e31cf86a7b01
409,b35eb1b4-bece-4117-92d1-fd3bbcaa73f8
407,3e0a7ed0-337b-4ec2-ad70-a9a19c8d2d23
407,dfb906e2-7454-4f07-888b-25dead698a5f
417,1675d7bf-7085-403b-83b2-2582433cfa41
417,58f4dc95-4de4-4f28-bbed-13a272bba011
417,d425fda1-3d70-4a83-b384-eb4c0c6e09c3
418,af03e2af-6410-41ed-81ba-99b0706f29e3
411,3e0a7ed0-337b-4ec2-ad70-a9a19c8d2d23
411,f3287316-289e-4fa2-965f-350556750f3d
411,aaaf2f86-2184-4f69-acaf-f9a34f2b3103
411,3a132f16-5f27-48dc-8891-748c2a0a0b7b
411,df46601e-6cf4-4fbb-9b6a-52182242573c
411,89b45383-007d-471f-842f-988fcfd02a71
411,8ba7e5b8-d85d-47dd-9523-fd1f74272cea
413,3e0a7ed0-337b-4ec2-ad70-a9a19c8d2d23
413,a6c05e13-1b0f-4418-98ce-51770ce3c97c
413,3d5689c8-d8dd-41ad-a0b6-248f04fd2944
413,a5b683d9-6045-4444-938b-d6d4ca1d18c0
414,627c6cc2-cda2-4c5b-bbc7-7ab9e1d28bf5
414,bbe2ef81-6646-47df-9c72-ea3ebdf9843d
414,aa5e4f4c-6437-4f00-a90b-0355c135eede
414,f39fefe7-08b8-4c48-9c21-f71e7791b3d1
414,cad03c91-1106-4c78-932b-e7471b27fd4d
281,3cc93c83-ffad-4b1c-ab9b-df827e045ce6
289,b89f8607-839c-4d09-8e41-2b2905ce877d
289,a9c5b2fa-8185-4911-aabd-8c551c7edbc2
426,bf943889-5e88-4261-b1ad-55282f569d8e
426,7c5007a8-56dd-4214-a2fb-d904cdb092c3
426,f4a6fc02-a0cc-46ff-8383-af2474adf8bb
426,b12c6ecc-8a0f-4d2f-a46d-c33290d98e95
426,29231632-77d2-419a-9d44-c7b8648a6f90
426,a4e1956d-14cc-4edc-b480-1424bc086758
432,3cc93c83-ffad-4b1c-ab9b-df827e045ce6
432,b89f8607-839c-4d09-8e41-2b2905ce877d
432,a4e1956d-14cc-4edc-b480-1424bc086758
432,bc9791c7-650e-48ce-916e-9def6b5b3bc8
433,148e3e61-88ba-48a4-b9d3-50edc6720555
433,facd4bd4-4a09-4c93-8b31-9f1199a7948c
433,8a18ef0c-4910-4f2f-b38b-4459443d513e
433,bc9791c7-650e-48ce-916e-9def6b5b3bc8
433,2284ccd7-23a1-4a53-856b-e05353fc37da
125,b871f9a4-b1e4-424f-9aad-dc8b8aaff951
440,99d0e4a1-1530-4777-8204-a06edf179232
440,bd39d91e-029e-49d6-bde2-751cb31fea88
440,bea2a4dc-0232-4457-9984-ba7d6fbab8a3
440,ab750060-3a34-40d3-97fc-732aa8c6acbf
440,2b1acaae-b37a-4433-91c7-c018e0ada245
440,77452edf-2e49-47bb-8eb9-29fcd2af7daa
440,3e5b510a-a5a2-48e7-938e-c1961ee68c5c
440,2b565f3f-2ebf-420b-8773-a1d7396908be
440,e56204f1-79a9-40b5-b7e3-c70d82a77de5
210,05f8c25b-5241-4d7a-8074-951dbdc394f8
453,99d0e4a1-1530-4777-8204-a06edf179232
453,77452edf-2e49-47bb-8eb9-29fcd2af7daa
453,614ab6a5-8e08-4269-84aa-5f0fb41f0b45
453,c60c8a1e-3b4c-40a7-8330-cf8c84ccccf1
453,f3b1d1cc-ea3b-42d9-8fc4-baa19d1a4257
453,3e5b510a-a5a2-48e7-938e-c1961ee68c5c
453,2b565f3f-2ebf-420b-8773-a1d7396908be
453,e56204f1-79a9-40b5-b7e3-c70d82a77de5
227,647c9ef4-60bc-4260-be33-0fafcaeef29d
227,e3d56f41-a1c8-4f1e-95f4-b7b632d02aed
227,da7e75be-4362-4ec6-b52a-898545203eb8
227,2d98e0cb-3fe6-45b5-861f-2e570c1feabf
227,35e46a48-3e9d-4a1a-a497-529505b9c3f3
460,35e46a48-3e9d-4a1a-a497-529505b9c3f3
460,d94e52e7-a827-4cca-87b1-65f352e04725
460,8becce22-d5b1-4176-b7e1-b4d2a3ad79ca
460,0e6bc6e9-9597-46ec-bc1d-80553f041a37
462,552de211-d766-42cc-9ff6-c93708e1ae8b
473,2368e31c-77fa-4235-a1f8-a982222f1ea2
473,a7fb8780-6737-471f-b233-7fbe8d3c3c97
467,bd2d190d-d32b-4a75-93a5-bcb32ffdb207
467,2368e31c-77fa-4235-a1f8-a982222f1ea2
467,a7fb8780-6737-471f-b233-7fbe8d3c3c97
476,14b10281-3411-4027-a0b3-09576942351e
478,c863d44e-c39f-4b17-ba5b-853bc1db7c1a
478,e2436b20-dc8f-487d-866b-31e71c178fed
464,552de211-d766-42cc-9ff6-c93708e1ae8b
464,1bfe2cfc-583e-4d9e-8d1f-93dba4a88e3a
464,2831df14-631f-434e-996d-488779d1071f
475,f3de990a-d2cd-482d-a54b-56840c994b50
475,3d27349b-d3dc-426c-b9b0-4270d12adb41
475,1bfe2cfc-583e-4d9e-8d1f-93dba4a88e3a
475,b3b405af-be31-4347-8742-673373af1c26
488,5c99706e-6038-4ec1-9d0e-a6e02384a891
488,249fe1d0-eea4-4098-bcf9-83923f85bf53
488,42ba55e2-4dcf-4ab6-b097-97bf25002022
463,68223d33-2452-4902-9822-e653ee21da3b
463,f3de990a-d2cd-482d-a54b-56840c994b50
463,3d27349b-d3dc-426c-b9b0-4270d12adb41
463,6fcc4766-0c52-42da-a8bb-fdea8c690743
463,34caa4a2-655a-4582-b8e4-2063f833538f
463,1bfe2cfc-583e-4d9e-8d1f-93dba4a88e3a
463,0d82714a-4105-4c27-86a6-22c720b105d3
463,d8d2a7f4-9915-4c6f-b53d-77fe40a59bcf
147,8630f373-ad29-49f9-986a-ab2360a6c4c8
147,841a3312-dec2-446d-9ced-9294447a1839
483,90cf5755-e180-40de-bdcf-a9fdabd56088
483,b5c9c614-9371-43a7-9930-bc7d4be516c5
483,8aeca513-328d-4128-affe-0a79d92c0ccf
506,90cf5755-e180-40de-bdcf-a9fdabd56088
506,b5c9c614-9371-43a7-9930-bc7d4be516c5
506,8aeca513-328d-4128-affe-0a79d92c0ccf
506,524840d1-3dd2-4e20-8ada-07d62f75649e
506,aa0b25f8-f195-4cc7-9153-6a9c24cfb12f
506,2284ccd7-23a1-4a53-856b-e05353fc37da
508,e1b5bf14-2e4b-428a-b1a6-3ae9fc87cfa4
509,6c149f65-0971-4ff3-84d1-ae5fd2602933
509,5ac4d771-f074-4f5f-89c2-54f9025b32c8
509,5a74ee72-8793-4de8-b3c3-83cfc300583a
285,ffa5e51c-2668-4069-857e-cdcfbad27a39
482,90cf5755-e180-40de-bdcf-a9fdabd56088
482,e285ed99-3b03-4238-a974-23990170f30f
515,20969b14-ae36-4055-acd8-6539da0cc11f
515,08dc079c-e552-4dc4-82cf-320fc19597d6
515,e285ed99-3b03-4238-a974-23990170f30f
490,a4d8e0c5-6951-49da-bbca-58e8c6a98a96
490,93ffa12c-63fd-406e-ac65-d72ecd771309
538,35fbe5ab-cdd3-457b-a234-95412c8042db
451,148e3e61-88ba-48a4-b9d3-50edc6720555
451,26865525-24ba-4380-9d44-3a68f426c4a0
451,2ec6e45f-6b05-401c-aaa9-3b231f18e0de
445,dcd3352f-1ad1-4792-b6e7-379e6a28a229
445,2ec6e45f-6b05-401c-aaa9-3b231f18e0de
435,bc9791c7-650e-48ce-916e-9def6b5b3bc8
126,aa69506e-c95b-440f-8561-358251610568
126,d11aabd5-136f-44d4-b011-1e8e3677310c
78,038fa996-4523-4d03-a9c2-b3c603ab5550
78,6fac75e0-4a2a-4bd8-beb6-b805cb207287
78,f94fecd8-d104-47de-9443-1aae2d73c152
78,bc9791c7-650e-48ce-916e-9def6b5b3bc8
78,93c12af8-4f1c-4731-8d98-bda00a9417a4
522,04afdc19-a4e6-4864-a6af-840dbe4eb844
522,2abf7d25-c7aa-40d2-9906-1773e0cee3aa
522,9bc2f331-6486-48e7-9db2-26aa97250642
522,34489d7f-0c01-473d-8216-13a6fe709fa1
522,923dbc4e-bec9-4989-80bb-fed5e3f002bc
537,55bb0f77-e11e-4f17-86fa-2406831a3016
537,3be3ded0-0a68-42f3-86f0-5f5b398c0a50
537,0883e390-3c7a-44cd-a877-a9f74e886d20
684,65ef8729-961f-4252-9e6a-b2ed68df5c81
684,502c7685-c4db-48dc-9cbd-05dc474bd704
684,5b3d5ca5-3bb8-4c98-9bd0-1f4a915e81cb
533,203a60a9-c922-487b-bbaf-19d7bb30365c
533,4913098b-f239-4c16-b18d-4ddf657f9344
533,9a15ab4a-bce1-44e4-8250-be25bd17540e
533,130c6848-8fb2-4b8d-9209-7764587ecc77
533,6aa4dc72-e85f-468e-b4f3-fc72f755432d
533,014dd6ae-7816-4259-841c-d4866cb47407
533,1b728d50-ba77-456d-8637-0c9c6c1336aa
554,4051d04e-b0aa-4e2c-a188-1b34a3ab1d2a
554,9ea8a94a-0e9d-4c70-be75-c29166a6fe49
554,130c6848-8fb2-4b8d-9209-7764587ecc77
554,6aa4dc72-e85f-468e-b4f3-fc72f755432d
554,ea20ad7c-e790-4d17-81c5-bf0e151e6710
554,2c8f7c3e-8cab-48a8-8050-1b16e1b0dc5e
554,ae8ee524-52f1-4263-8f49-aac7b9db1e2d
554,f1007eb8-dd22-44c3-9f05-b019c0fdcd88
547,9a15ab4a-bce1-44e4-8250-be25bd17540e
547,6aa4dc72-e85f-468e-b4f3-fc72f755432d
547,17a1e9c6-e9d5-4d2a-a234-87baf3801597
547,4085c142-c185-4fad-9896-8c900d8237e9
547,b68056f8-24c1-41f7-a3f9-90a6d2a8fe22
547,d3c9f7e7-1820-4858-8db6-ee6fe1c21f7d
547,6d7f2925-45f2-457b-aead-067f475e3acf
547,94219589-b527-49f4-89a0-9caa42f4abec
547,96747b99-8609-475f-b5f6-594653c53152
544,590b899d-d87e-486b-952e-b80a72f1ce75
544,7260a1fa-cd86-4910-812e-6ab7a32e07cc
544,799c33fa-2d9e-4c58-9e5a-c090a4986bd7
545,590b899d-d87e-486b-952e-b80a72f1ce75
545,973d4caa-c711-46d5-b6f3-4fe38027654a
545,e9e1fbb5-4549-438b-a89d-9b08c6af3916
545,95ac46f2-b765-499e-b022-f9f82784765c
545,132584c0-a69a-4b14-ba4c-d1fbe13f9dd3
738,41a77a1b-ece0-445b-9843-ec69c55f95db
542,c1a2b2b8-5a69-47ce-bf58-55e084ae908f
542,14e8ab35-db73-41c3-a7ad-aa391bd60f47
542,10b74830-987a-4846-b2b0-22aa372722c7
542,4f3274a9-e2f1-48ba-81f9-967cc515d19b
542,e46f7771-0fa6-4505-b476-fc8312d33e6a
542,6ee1aab0-cd55-46a7-a6b5-42341fefb5ab
542,05f150a5-fbe6-4f30-9185-9a178919fbc5
542,abcb8331-7272-4fea-9d26-2ff7a7dd5b06
542,c2dc1ad2-6e31-4988-9332-d1d8ca0b0990
542,c91f56cf-5d74-4a86-918b-e4b0be536647
536,9a15ab4a-bce1-44e4-8250-be25bd17540e
536,cc44cb0f-51a6-433f-91bf-8338294cdbb9
536,2c8f7c3e-8cab-48a8-8050-1b16e1b0dc5e
536,0e438f4b-8f21-4020-94c9-1c74c7505b99
536,e95f7b9a-45a6-41ea-928c-6d3dfdc1ee9c
536,7513d64d-df40-4474-8502-741cfe8dbf86
735,3bb64b77-7d6b-4d0b-8fed-adacd56d2230
735,75bb179c-8383-4caf-9a34-1fe013aad293
735,7513d64d-df40-4474-8502-741cfe8dbf86
552,986adeb2-a9ce-4f07-846c-23926d4b8ecb
552,4ecd1002-e657-451d-9a86-528d34b53337
552,7513d64d-df40-4474-8502-741cfe8dbf86
562,595182ed-28a2-4809-a19b-d088cfc005b2
562,7cc28993-41e7-48ed-86e3-f10541286db0
562,7513d64d-df40-4474-8502-741cfe8dbf86
555,a5832c4c-1807-487a-81f0-0ee859262d5a
555,7513d64d-df40-4474-8502-741cfe8dbf86
555,7d650fcd-4071-44bf-b12c-e727a84860e4
742,bfa9d27b-b90f-4a78-8ead-d7b48c7b8b87
742,3b5fdaa9-6230-4010-855d-309b6568666e
742,7513d64d-df40-4474-8502-741cfe8dbf86
557,130c6848-8fb2-4b8d-9209-7764587ecc77
557,7513d64d-df40-4474-8502-741cfe8dbf86
557,8cfecf20-7b1c-4f43-a290-d7d5896ac44a
737,abcb8331-7272-4fea-9d26-2ff7a7dd5b06
737,7513d64d-df40-4474-8502-741cfe8dbf86
739,10b74830-987a-4846-b2b0-22aa372722c7
739,7513d64d-df40-4474-8502-741cfe8dbf86
757,7513d64d-df40-4474-8502-741cfe8dbf86
744,4cf29ca9-2ffd-401e-842a-2ba2782a6187
744,b452c9f0-7c53-4bf0-bdbf-071b3bf375e5
744,2d49df94-683f-465c-ab49-9012037d9a07
758,872e81fe-95ee-43eb-a9f9-606ab8f5af16
568,06960d8e-a9f4-475b-a0e1-1e0ddddb9d1f
568,1913315b-b852-46ff-add0-917098755159
569,3732b2a2-de14-46ed-84b9-86c4b07ede2a
569,875d2fcb-8019-440d-94cb-27362db69f7c
569,20635b2a-8fdc-41aa-9a7c-ffa59205dce2
891,083519b0-1e27-418c-a3c5-49419c59f2e4
895,9ea90ca6-0344-4061-8168-9f69aaf24231
895,f3808f91-011d-4356-9443-5bafa07fbe39
575,c2e78a5d-9196-41a1-810f-a581050a4b83
575,73e5cad1-d664-4635-8753-ae70c8b54b47
575,c37a4689-e922-4cb5-b47d-109764da9ab1
575,586c5d6d-eb27-4e10-b24e-ae2c2250242f
575,3914af30-5254-49ae-a725-079050ee4863
575,28921185-fa0e-4055-b879-ba49d6108a8b
575,66f01237-857c-4408-83fd-4c13fd160015
595,586c5d6d-eb27-4e10-b24e-ae2c2250242f
595,8431d413-461e-4d39-b222-8fc227355dac
595,df63ab90-d89f-4cf4-b156-adced591ad36
577,73e5cad1-d664-4635-8753-ae70c8b54b47
577,6b858b44-12c9-44bf-8f11-de49da005e90
577,c159dfc6-f150-4766-a5b0-58442a4c9974
577,8600ed08-12a5-46ca-8b2f-37b1ad657558
577,0c0f2342-bf48-4416-aab0-c36109a6a68e
585,8516dec6-2c76-449d-9590-9ae78a8d13e9
585,3436ddf4-1959-41dd-871f-97db5ae9c385
585,9ea90ca6-0344-4061-8168-9f69aaf24231
585,10b7ab8c-aa0b-4d53-9faf-1ad3e439ff0c
911,9ea90ca6-0344-4061-8168-9f69aaf24231
911,586c5d6d-eb27-4e10-b24e-ae2c2250242f
911,7022d547-0652-4ea3-af9a-7bee2edd409d
911,eba901aa-36f8-4d47-8c19-11b35271079c
911,599b9f22-47eb-4efd-a079-8df920ebb55c
573,8516dec6-2c76-449d-9590-9ae78a8d13e9
573,9ea90ca6-0344-4061-8168-9f69aaf24231
573,197b1ab0-cb32-4540-9a2a-6a6951f59c87
570,8d580ec8-538b-4b68-b3ad-8ab36d6ff78b
570,c2e78a5d-9196-41a1-810f-a581050a4b83
570,9ea90ca6-0344-4061-8168-9f69aaf24231
570,bc4e149e-5b14-470e-9099-e7da9f6d2594
570,65d6069f-be32-44b3-914b-79b3f2098836
948,c37a4689-e922-4cb5-b47d-109764da9ab1
948,58e36089-3f79-4d22-873c-a8f0cf5d3a7e
948,586c5d6d-eb27-4e10-b24e-ae2c2250242f
574,6b858b44-12c9-44bf-8f11-de49da005e90
574,46b1a118-ded8-4279-aeee-e3eb7d3d5349
574,c37a4689-e922-4cb5-b47d-109764da9ab1
574,03db634f-fca7-41de-af32-9c325a0edf68
942,c2e78a5d-9196-41a1-810f-a581050a4b83
942,eba901aa-36f8-4d47-8c19-11b35271079c
597,940e06b5-9cbb-4b65-a1cb-18a0e4c84000
597,a9506341-f852-4ff7-b993-2997173b0e2a
598,474e4e65-b681-4287-a61f-fd275072b3b6
598,6612d121-b9eb-41f7-9610-230509ddd169
598,863b0cc1-da5d-4937-8175-f8886509a0ff
598,bc9007d7-65db-4689-a8cb-f594d46e9949
598,bd05f8c4-234e-46d6-9c34-dcad774d2f84
598,8ef20fae-236f-46ca-b09b-f3c384aadfc7
598,2875fe4c-5b60-4cdb-9d8a-6361aea12b36
598,32799b7c-754d-491c-82e2-e556ac6c9f4b
592,6612d121-b9eb-41f7-9610-230509ddd169
592,6910bda3-edf4-4623-a5a5-50fcd28dbe92
592,f8cf16d7-d2de-422e-a0e9-1e8e2b584b44
592,c7f7eb18-5903-4c02-b385-d0d3b6fb26c1
592,d8eadab3-59fd-498a-8e24-d4079ef8c678
591,3d049875-7c93-4c6c-a0d0-2a08be84cb3c
591,474e4e65-b681-4287-a61f-fd275072b3b6
591,c9a7ff36-5aea-411f-800e-7ea1e8bc116a
591,4539ca34-3f3a-4616-89a0-623c514a35f3
591,2be1dfd0-69d6-4ffe-8ea3-df1469bcfa4f
591,106e99a5-2629-4377-9174-1412eb74d317
591,f76993a1-3b89-42b7-b85a-0b3f7738b5ef
591,50a99dbe-afc9-4aef-a223-5b8cde90c375
591,8b27ab31-e854-4d2a-9e83-f9315df1b579
591,a9506341-f852-4ff7-b993-2997173b0e2a
591,10a81f79-2009-4253-8f04-666e556fb95b
591,bb0c69eb-582f-46e3-bf76-d122e125d6d9
708,9adcced0-cb53-46b9-8760-f8af6476a5aa
711,9adcced0-cb53-46b9-8760-f8af6476a5aa
688,2611a6f7-c5ef-4f0f-a516-23011806813c
1010,0fb70523-1b01-4efd-9d79-1166b3cede46
700,0fb70523-1b01-4efd-9d79-1166b3cede46
700,a7fb8780-6737-471f-b233-7fbe8d3c3c97
638,2611a6f7-c5ef-4f0f-a516-23011806813c
648,2611a6f7-c5ef-4f0f-a516-23011806813c
681,2611a6f7-c5ef-4f0f-a516-23011806813c
695,0fb70523-1b01-4efd-9d79-1166b3cede46
707,9adcced0-cb53-46b9-8760-f8af6476a5aa
687,2611a6f7-c5ef-4f0f-a516-23011806813c
643,2611a6f7-c5ef-4f0f-a516-23011806813c
704,0fb70523-1b01-4efd-9d79-1166b3cede46
613,2611a6f7-c5ef-4f0f-a516-23011806813c
624,2611a6f7-c5ef-4f0f-a516-23011806813c
630,2611a6f7-c5ef-4f0f-a516-23011806813c
619,2611a6f7-c5ef-4f0f-a516-23011806813c
690,0fb70523-1b01-4efd-9d79-1166b3cede46
655,2611a6f7-c5ef-4f0f-a516-23011806813c
653,2611a6f7-c5ef-4f0f-a516-23011806813c
653,0fb70523-1b01-4efd-9d79-1166b3cede46
692,0fb70523-1b01-4efd-9d79-1166b3cede46
692,9adcced0-cb53-46b9-8760-f8af6476a5aa
692,89d16afa-4107-46ea-b111-62121f10a8b7
692,6a2c7396-1617-4edb-97ea-19d64e318d69
692,4ae2dd01-6c7f-4cd6-8390-a2ddf0cea56a
645,2611a6f7-c5ef-4f0f-a516-23011806813c
645,0fb70523-1b01-4efd-9d79-1166b3cede46
645,89d16afa-4107-46ea-b111-62121f10a8b7
645,7ca33964-cc21-4753-a495-57a8b73893bd
620,2611a6f7-c5ef-4f0f-a516-23011806813c
620,0fb70523-1b01-4efd-9d79-1166b3cede46
620,4c19dc04-0441-4860-be12-9530ff664016
671,2611a6f7-c5ef-4f0f-a516-23011806813c
651,2611a6f7-c5ef-4f0f-a516-23011806813c
651,0fb70523-1b01-4efd-9d79-1166b3cede46
651,dd3ef6a4-d822-4b1c-94fa-55bedbfefa7c
651,12f73751-2355-4675-865e-7365975845c4
651,8c7fcedc-7e23-49f0-94bc-0f1078e8aea4
651,b0253b52-c8a3-4768-b8cc-b699fac08fae
636,2611a6f7-c5ef-4f0f-a516-23011806813c
636,0fb70523-1b01-4efd-9d79-1166b3cede46
636,9adcced0-cb53-46b9-8760-f8af6476a5aa
636,e1ddd5a6-982d-432d-a45e-c9f85a53a773
633,2611a6f7-c5ef-4f0f-a516-23011806813c
633,0fb70523-1b01-4efd-9d79-1166b3cede46
633,90ca6fc1-c245-43ba-a587-c5e62dabfcf6
654,2611a6f7-c5ef-4f0f-a516-23011806813c
654,0fb70523-1b01-4efd-9d79-1166b3cede46
654,9adcced0-cb53-46b9-8760-f8af6476a5aa
672,2611a6f7-c5ef-4f0f-a516-23011806813c
672,0fb70523-1b01-4efd-9d79-1166b3cede46
672,b9041213-7634-4cc4-9b75-76bc536d5874
672,8c7fcedc-7e23-49f0-94bc-0f1078e8aea4
626,2611a6f7-c5ef-4f0f-a516-23011806813c
626,0fb70523-1b01-4efd-9d79-1166b3cede46
626,1b23cdf6-2db5-49bc-b44b-3c124e282842
626,563c21dc-89f5-4646-92c8-98c1c199f016
639,2611a6f7-c5ef-4f0f-a516-23011806813c
639,0fb70523-1b01-4efd-9d79-1166b3cede46
639,8c7fcedc-7e23-49f0-94bc-0f1078e8aea4
639,b0253b52-c8a3-4768-b8cc-b699fac08fae
674,2611a6f7-c5ef-4f0f-a516-23011806813c
691,0fb70523-1b01-4efd-9d79-1166b3cede46
644,2611a6f7-c5ef-4f0f-a516-23011806813c
644,0fb70523-1b01-4efd-9d79-1166b3cede46
644,1b23cdf6-2db5-49bc-b44b-3c124e282842
721,9a070ff3-af9d-416e-bd6b-4d1c368a5119
715,9a070ff3-af9d-416e-bd6b-4d1c368a5119
717,9a070ff3-af9d-416e-bd6b-4d1c368a5119
551,982468fc-0669-4ecb-bd14-9a4c4dc9e769
551,4b3c8c74-445e-48d2-893a-ab63634b57dc
551,2611a6f7-c5ef-4f0f-a516-23011806813c
551,0fb70523-1b01-4efd-9d79-1166b3cede46
551,75e5128e-1302-481d-9c63-9d3aa73dec58
734,0fb70523-1b01-4efd-9d79-1166b3cede46
734,ba5eac31-708e-4477-82c0-1009b76b3b9c
734,68d4fa8f-527b-455e-af17-6061bca1d816
734,27324177-86c7-4c26-b947-4720a59cc7df
734,cbe4d064-e9fe-4c87-be0a-cc7b1bacf724
734,4ae2dd01-6c7f-4cd6-8390-a2ddf0cea56a
734,3f0d5437-618c-4af8-b440-852a40b24582
734,d385a946-2013-487f-a42a-4811fe8b5d20
727,aaa55abf-85f8-4931-8949-01fe3deed622
727,2fe50d70-a892-4cfe-ab6e-b17e0fcb5d9e
727,e43f6c1c-0bb6-461e-b4f8-066670197145
727,f3990a07-a06b-4c50-9024-af7eef210bb0
632,2611a6f7-c5ef-4f0f-a516-23011806813c
632,0fb70523-1b01-4efd-9d79-1166b3cede46
632,6a2c7396-1617-4edb-97ea-19d64e318d69
733,2fe50d70-a892-4cfe-ab6e-b17e0fcb5d9e
733,6996e0a8-8fa1-41ae-8d16-db340373ef4d
733,c7d1519f-8b0b-4a74-8bd9-e991c324f046
733,d77d16c2-1d44-47f8-9d8d-6a4b98e7d060
733,ab9d525e-963d-4a83-ac83-554f1ad87e73
1135,b18f04c2-3bc2-43ed-b610-b6c8b5d1803e
1135,13d5fafd-976e-407e-9168-93380a7b55bc
528,f017e7c8-67fe-4bce-9cda-7acfe0e00f0d
528,4051d04e-b0aa-4e2c-a188-1b34a3ab1d2a
528,f67b8497-1b86-4799-a8a0-281feeb1d679
528,9ea8a94a-0e9d-4c70-be75-c29166a6fe49
528,68beea3c-d5b1-435a-b4a5-95e2d513090b
528,9fbce743-17c6-4d19-a040-7e7e25a49c01
528,7b92cc7c-74be-4eef-9fed-decfd5cc5b1f
1137,12c24603-fa11-4300-b755-2bc0179d4e8f
1138,7b92cc7c-74be-4eef-9fed-decfd5cc5b1f
1138,f33be770-09fd-4a4b-ac40-e2e7cc0adf23
1138,cdc1e9bc-308a-4399-8867-f4bba46c86e5
1142,dc3ee0f8-1e8f-42ec-bb01-bf8764080997
745,fddea24c-ebd2-476b-8753-473ed06a924a
745,43f23aa1-93b3-42ea-a1df-3e36b7418464
53,7513d64d-df40-4474-8502-741cfe8dbf86
53,d206d215-3034-4a3b-9d83-5593bbfc47b9
53,425c0e46-1c63-4330-b24b-7e3edc0c7ace
53,8224db4d-1c46-4ffe-936f-1bbbbaaf9aad
759,11c815b9-d170-4a1b-9a89-7e495012386f
759,d203fbc5-beba-4a5f-a666-652eb1b49876
1129,6edfbf11-c346-427c-a74f-d34c3f1661ef
1129,8c9847be-6b18-41f6-972f-040d3d117422
1129,71bdd619-a383-4933-9078-89d99a8c8a71
1129,d203fbc5-beba-4a5f-a666-652eb1b49876
1148,650ff4ab-6ff9-4931-b3e0-9d9ffa4f6692
754,7513d64d-df40-4474-8502-741cfe8dbf86
747,3b106acd-d845-4175-9f3c-868849e7645d
747,6edfbf11-c346-427c-a74f-d34c3f1661ef
762,77a8b13d-7594-4fd1-bc9c-0a8bdabd9c44
762,ab6a5b98-6ee2-4e40-81d7-1ff177f82e6a
762,4ae69f67-746d-43cb-b934-5035788ab8dd
762,3689c1ff-635f-4c2b-9c29-5f80612d85c8
762,c7bed230-dd6d-4eb4-93ec-95d5645992a3
762,e53dbe41-aecb-4281-aaa5-3cfbfc1353fd
760,77a8b13d-7594-4fd1-bc9c-0a8bdabd9c44
760,ab6a5b98-6ee2-4e40-81d7-1ff177f82e6a
760,9039c18f-14dd-41f5-bb2b-05fc9a90df37
760,49cd9746-dbea-4156-bc38-8f6d30baae35
760,4ae69f67-746d-43cb-b934-5035788ab8dd
760,2af5798c-fc3e-4892-af81-66508d5e375a
760,113f46cc-3fb8-4655-9913-0dcb87129d8b
760,a7fb8780-6737-471f-b233-7fbe8d3c3c97
743,09c093f2-e477-4882-a07a-03322203037b
743,c1ec7cb4-eed2-477b-8b28-591ba4497b0c
743,2be4daf1-466a-434f-9b20-1975b3552fb9
743,904f0114-377b-4014-9d02-d29f84ba47bb
743,f4d70d76-9fca-4471-8355-bfd090caca16
1128,48e5f52e-f3b5-440b-a446-44dcb2288e73
1128,567354f1-e332-4d22-a31f-36f55afdaf92
1165,37e7fd17-d157-4019-a113-76b8f726fc1a
1165,ae4523da-2b73-4164-bbd0-bfafbcfc5b49
553,6d053e8b-9288-4cc1-8969-ef3908893cf3
553,28f543ac-b2b6-470e-9083-80c49e08c734
553,a9b8fd0a-c3c0-415e-b6d1-c864691e4337
553,380940a5-ffd3-47f5-b1c8-91f198a3198e
553,4dede7d5-3505-40c6-8bdb-118ecc3fda0a
553,7d100932-732a-4a4c-99d2-3d582bee2af6
553,d0cf1f89-a06e-49ba-b791-11abae0784a9
553,a7fb8780-6737-471f-b233-7fbe8d3c3c97
1174,59f99343-a056-436e-8040-50a737c68f06
1174,91e820a2-1e39-4b34-b4c9-d5d00860c9d7
1174,034bbeeb-4d25-41ce-a2dc-d8bed22e8746
1174,a7fb8780-6737-471f-b233-7fbe8d3c3c97
74,79fd46fe-f87d-43ec-ab6a-0421f368b645
74,d8c12b92-65a0-49c1-935e-790039f8231a
74,ef32aa20-6463-4695-af59-ef0419c401d0
74,4469f506-3426-476a-8736-4eff27add6f4
785,55ba1a45-5875-4949-9a03-ca0f18cfef48
785,9a622a1c-174e-48bd-a5f4-f09137d9ce63
785,31667563-5076-4c5a-b09f-63cd7213c41e
785,f5328e21-9664-430b-826f-dabb904c0a4b
785,b0c5012e-f5d2-4e82-b4e8-da4ec2ddaaf8
785,96381211-5aa5-4f6c-a766-b66e0ba50ef2
785,f4c253fa-bc6a-4d36-9608-fc4a32e337f8
792,7f6c4dda-6a31-44de-a419-4f45e4337007
792,3dc62d26-6f89-4374-b833-22f891d7f34f
792,c597f272-b044-4206-aecc-70bf4b3d8c3b
792,3e00f2bd-92db-4d42-bf4f-2807ad6cbf5d
1184,138136e4-699d-4297-9d2c-ff869b059871
1184,5793be0a-438d-45a1-bd70-803c7c059b74
1184,229b5d36-f465-4263-9d51-fb76e339b344
1184,1b4e4c9e-8a3f-4140-a641-0ae465f02e8a
1184,40986b64-2422-48a2-aabf-03a430f515fb
794,13913234-8bfb-48e8-a7b1-d711cec6a0ed
794,090d2cc0-69e6-4160-b16e-15db85f8a816
794,ee71b346-975c-43e8-ade4-70afb2ec7c0c
794,c597f272-b044-4206-aecc-70bf4b3d8c3b
794,7d34228f-b4ac-4aa6-9694-6ff600478a98
794,ea1b4a7b-a650-41aa-830d-a1ca5c720904
794,508a5010-3f71-417d-b8f5-f66d4fae8994
794,97d00f17-9188-44c3-80a0-aa5886c6a222
783,6d40d3a7-b820-4b4a-9fdc-b76b636bb3f4
783,8adf4cc4-12a4-4a5c-97d7-079ad82e7a9e
783,b24e19a2-d699-4a21-b710-05e4d8c9b62b
783,d174d0d2-d10a-4a1a-a73b-d60b50fa649d
783,c597f272-b044-4206-aecc-70bf4b3d8c3b
783,4b0fb089-bcb7-481e-80f2-725b57008f49
783,e5786965-bb47-4e5c-9bc8-9859e22a1063
783,c9f6fd70-c310-4482-bca2-cae9f2f25816
1193,9392faec-5f19-4765-88dc-46f0ff903541
1193,be5cc102-5070-46f2-a537-19eebf4b96c7
1193,327825d1-4f52-4654-a580-438a13e1d30b
802,5bc6c2a8-bf90-4ef1-ad16-c14964348318
802,e24acd14-bde3-4844-b18a-24b97fb0ea71
802,f84fa0b1-0002-4192-91aa-a6699ad5138e
802,b296e266-4429-4b47-933a-a1b10bd856cd
802,e097f31f-31ba-4db9-a0c1-40be2c9ce3d8
802,59452d00-041c-43a6-84aa-58de175e301b
803,1fdcbbef-3d07-4bb4-bb0b-00fa6fdd4381
803,1b51a06f-6002-4f31-80c6-b2869c543835
807,1fdcbbef-3d07-4bb4-bb0b-00fa6fdd4381
807,c56a1331-7879-4584-bcb1-2466e288d5d4
807,1b51a06f-6002-4f31-80c6-b2869c543835
807,6bdc7ccb-770b-4989-9ea8-d7a3ab0582bb
807,2211866c-a675-46b2-95bb-b6251a4b8ec7
797,5bc6c2a8-bf90-4ef1-ad16-c14964348318
797,e24acd14-bde3-4844-b18a-24b97fb0ea71
797,f84fa0b1-0002-4192-91aa-a6699ad5138e
797,b296e266-4429-4b47-933a-a1b10bd856cd
797,e097f31f-31ba-4db9-a0c1-40be2c9ce3d8
797,af4a03eb-13e4-4555-ab2c-525df9b83f13
797,bbf49115-6182-473b-89a9-ebc35fbc2856
797,47ed43c2-0053-4fff-9541-386c0d8ba8b8
1213,a7fb8780-6737-471f-b233-7fbe8d3c3c97
811,612c1dc6-b028-485e-bd70-8a7f823fe7a0
813,99178a16-99fb-4315-a362-1bc7469acd25
814,99178a16-99fb-4315-a362-1bc7469acd25
814,40df9bf6-7530-46f9-97d2-9cc55c334083
814,fbd51cf6-07f7-4641-933c-77e90951beda
812,fe2b662c-1c8c-4e16-9ee2-42988290a05b
1290,325831a5-9d44-46d9-934e-8782015726ae
822,de7ccd2c-0f46-4f8e-a3c3-67751eb0c4dd
822,a4c446a1-9e1c-4988-a6f6-77af9d12ffbb
820,0c40cd59-6770-44b3-bf2d-688c9fe39a74
789,7e6dfbea-8390-430d-b37c-a7933e9369cb
789,0d347a23-284a-4334-802a-4178e32b98e6
789,2a600b56-4822-4173-8330-8b0219923463
789,9c4fd6fc-6b5e-40dd-9e28-84933d35ddf6
789,310af279-d1b6-4d7e-b702-e8bf833d7953
789,452ed5db-3c80-4598-8fe3-0206484a9b3b
789,900e3e80-e3ff-48cc-9d31-7d24f0cdb956
789,f0036576-0b56-42d4-821d-6338d3341b7a
789,5bdb4a05-76f1-40c6-949b-cc40a92e7244
842,28354ed0-6047-47e4-a076-f8189189221d
842,8e0a014f-8ab5-41f3-b6a5-d60c17f8ddfb
1320,d2cacc0e-2356-4ab2-9d18-b7dfd27fa7c7
1320,5bdb4a05-76f1-40c6-949b-cc40a92e7244
1320,9df79e17-0ff9-4d77-962f-736533f75e93
1320,b502d815-b2df-4f4c-a2ac-dd6e07b7b6f5
1320,ffbdfdf9-3bf7-4e61-9054-4dd68c453b9b
1320,1ff7ca44-37e2-4336-ae11-e87dacf063cc
1320,1b2f2676-db88-45b6-8c17-364268d3f9c5
1172,e174d796-c5d0-4c0f-9c5d-1d4f5ae6db46
1172,9df79e17-0ff9-4d77-962f-736533f75e93
1172,1351f646-5630-4a07-a446-46359e45be8d
828,e174d796-c5d0-4c0f-9c5d-1d4f5ae6db46
828,9df79e17-0ff9-4d77-962f-736533f75e93
828,3cf0e170-1bd8-40fa-b9e5-28cf9b7bf0e6
828,b502d815-b2df-4f4c-a2ac-dd6e07b7b6f5
828,a2da8b14-5f96-4b05-bc8d-ac9b58c884c9
828,78950d55-25af-4e46-b40a-11e6c5aca69c
1333,e174d796-c5d0-4c0f-9c5d-1d4f5ae6db46
1333,9df79e17-0ff9-4d77-962f-736533f75e93
1333,b502d815-b2df-4f4c-a2ac-dd6e07b7b6f5
826,e174d796-c5d0-4c0f-9c5d-1d4f5ae6db46
826,9df79e17-0ff9-4d77-962f-736533f75e93
826,b502d815-b2df-4f4c-a2ac-dd6e07b7b6f5
826,f5bb642e-68fc-4c16-b29e-6271b5a4f7bb
845,0250d54e-a4d6-4317-af69-961dd7777660
845,df15179e-d636-4cb0-ae2c-8ab8d715a85c
845,884a3c4c-8d32-40d3-b61d-405ef9131415
845,a2da8b14-5f96-4b05-bc8d-ac9b58c884c9
845,8321982f-9f13-41ce-93db-fb106559d913
845,66711e8f-93d6-4cab-b59e-54b6863630e2
847,0250d54e-a4d6-4317-af69-961dd7777660
847,a7431e2a-01a9-44ae-a635-98b0a726c6a4
851,e174d796-c5d0-4c0f-9c5d-1d4f5ae6db46
851,1351f646-5630-4a07-a446-46359e45be8d
851,884a3c4c-8d32-40d3-b61d-405ef9131415
851,a2da8b14-5f96-4b05-bc8d-ac9b58c884c9
839,9df79e17-0ff9-4d77-962f-736533f75e93
839,11c10c2e-ab99-472e-ac70-a65749e7a190
839,a2da8b14-5f96-4b05-bc8d-ac9b58c884c9
839,497a3d4f-a801-4190-a2e3-96de0389f5d1
850,884a3c4c-8d32-40d3-b61d-405ef9131415
850,a2da8b14-5f96-4b05-bc8d-ac9b58c884c9
1317,e174d796-c5d0-4c0f-9c5d-1d4f5ae6db46
1317,9d3020e6-ba20-412e-a288-3a7c601765ac
1317,df15179e-d636-4cb0-ae2c-8ab8d715a85c
1317,884a3c4c-8d32-40d3-b61d-405ef9131415
1317,a2da8b14-5f96-4b05-bc8d-ac9b58c884c9
831,944eedde-c000-4c60-ba61-950fa33f12b6
831,e174d796-c5d0-4c0f-9c5d-1d4f5ae6db46
831,9df79e17-0ff9-4d77-962f-736533f75e93
831,11c10c2e-ab99-472e-ac70-a65749e7a190
831,6b71109f-0ba7-4bc3-a75e-de9dfa55e226
831,814c8f77-d727-41df-8714-2da2ffcee7bb
831,78950d55-25af-4e46-b40a-11e6c5aca69c
831,80211e2b-233c-4a1f-bd19-a01e76b9eec8
831,a7fb8780-6737-471f-b233-7fbe8d3c3c97
1347,814c8f77-d727-41df-8714-2da2ffcee7bb
1347,14a4df24-55c6-41f7-9164-6285224cc39e
1347,40986b64-2422-48a2-aabf-03a430f515fb
840,e174d796-c5d0-4c0f-9c5d-1d4f5ae6db46
840,9df79e17-0ff9-4d77-962f-736533f75e93
840,9d3020e6-ba20-412e-a288-3a7c601765ac
840,37462d3e-0d39-43e5-9efa-0ecbd4926ce0
840,814c8f77-d727-41df-8714-2da2ffcee7bb
833,e174d796-c5d0-4c0f-9c5d-1d4f5ae6db46
833,c4067476-343a-411e-875e-569ac6d5a516
833,f5d56018-e7cb-4403-af5e-65fc11ca4d88
833,563c21dc-89f5-4646-92c8-98c1c199f016
1322,e174d796-c5d0-4c0f-9c5d-1d4f5ae6db46
1322,b502d815-b2df-4f4c-a2ac-dd6e07b7b6f5
1382,2284ccd7-23a1-4a53-856b-e05353fc37da
861,c5a617bd-f085-4684-b245-3327b49afc87
861,b51c1386-c1b5-4e82-a2fd-2701456f6319
861,15de5e85-4bf3-492d-a796-381d6f461717
861,1ed2ed18-cc36-4cdf-b6e0-82b28304396f
861,76bb796c-a82b-468c-b7b2-22a49c373d05
864,c5a617bd-f085-4684-b245-3327b49afc87
864,bfb80439-21a8-4c84-a2bd-1847596121c3
862,36293a2c-c65c-4aa2-bc5c-a0c7ea7fcdb8
862,2f59fe0a-b70f-435f-9bc8-6a48f9bfa11b
862,7ca247a1-3985-45d1-9a65-14330836b9cd
1422,46596f8c-9e8f-4284-bc76-dc19821b354f
1422,3d23cc03-2f26-4376-95e8-0bf6c08b98e8
1425,1a7744f9-03b9-4066-a2bf-27ad2b17cf43
877,1a7744f9-03b9-4066-a2bf-27ad2b17cf43
877,836c4c60-808e-436e-a46e-619d0652913a
1429,3b6c50f7-5790-4a1e-b668-819736771280
878,ea569836-bec2-4827-b5bb-e569742709c4
878,3b6c50f7-5790-4a1e-b668-819736771280
878,c087fb94-99bb-4487-9398-2cef518ab582
1457,de1ae9cb-7598-473d-b05b-e37a81e339b5
876,90357c4c-47e1-44a3-9554-2b38aa0b3bbe
876,7d784a5b-ccb8-4ece-afdf-2db50766eb6c
876,ea569836-bec2-4827-b5bb-e569742709c4
876,acb609bb-097e-476b-b6e9-3ecde4cd59bf
876,c087fb94-99bb-4487-9398-2cef518ab582
876,6a094f9f-023f-42c2-a714-e8e10f6b6d31
876,ffcc6cbc-b81f-4c72-9181-510867cf65da
875,90357c4c-47e1-44a3-9554-2b38aa0b3bbe
875,7d784a5b-ccb8-4ece-afdf-2db50766eb6c
875,3b6c50f7-5790-4a1e-b668-819736771280
875,407adf91-e8fb-4598-b8d1-6415bd8e5785
875,6a094f9f-023f-42c2-a714-e8e10f6b6d31
875,3d23cc03-2f26-4376-95e8-0bf6c08b98e8
875,45e8a44c-bcf6-4f59-9069-1b5d7cba8e16
875,ffcc6cbc-b81f-4c72-9181-510867cf65da
875,d405645b-b600-4c90-b44d-fddcc75d494d
882,0934f7cf-637d-4e2b-a6a2-5727b6cbb2cc
882,1a7744f9-03b9-4066-a2bf-27ad2b17cf43
882,fa67dbb1-a059-4076-87a2-0d5e2fb8dc3b
882,a3c28933-047c-4431-b547-2a7372ee7619
882,a470df6c-317e-4983-a20d-202ba3b908d5
882,4479a779-4c5c-4692-a999-7a5b5a725447
882,202abc35-f864-4f06-8690-1dd842eeee99
1468,3d23cc03-2f26-4376-95e8-0bf6c08b98e8
1470,d0ea1513-f053-430a-86bc-74e1ee64c904
1471,e5832c79-cd9c-4282-ba41-0727a6fb3510
1473,239f58c3-e418-47d8-a608-599d26260e63
1477,fc34ca4c-fa2e-4f21-91e0-e12a05a75161
1483,36293a2c-c65c-4aa2-bc5c-a0c7ea7fcdb8
1483,aadd93ca-1bd9-4afd-b4df-4b153af4658d
896,fd3b8fc3-27d9-467b-8516-b5e3db644757
896,68cc7994-3aea-4d63-af35-e9ed350d375b
896,21b17e33-6649-4f1d-88ad-810b586ff28e
601,474e4e65-b681-4287-a61f-fd275072b3b6
601,cc5dae07-cc5f-4739-9b12-59d2b35712cf
601,8d1899e9-2bcd-4a04-a1ad-32ab2db32d63
601,34094c8d-dd17-40bd-94f8-4ed5150ef98a
601,dcd1a0e0-616a-4343-8a9b-14472656ae01
601,cc7dab9d-1693-4b19-b089-57e86d0b620a
601,84d3f1db-1578-4355-b137-c129442200fd
601,21a681cc-0ed2-4e6a-b18f-15db412428d4
1173,49572628-2e8c-40e2-b20a-ba056b42f359
1173,f0d69691-13df-4793-a69b-e39bb91c0c55
1173,877952d8-ed87-4585-a0f0-60a8bbe7321c
1173,d015353d-8b9f-4513-881f-10019ea97c4e
1487,c62df7a0-69f1-4a7d-a355-74e91daeba74
1487,f77c3b7b-679a-4ba2-802b-e8cfed4cd69a
1487,5310e817-5984-49b4-bd95-33a069db7e8e
908,4e21ba7b-e13e-4d93-9dae-2425ab5febd5
908,94c10826-f664-4536-a23d-2492774674c9
908,e4610fb8-c4ea-4ef5-a250-cbd4024db9f0
1488,ad43d160-ca47-4428-850b-8869aacc48bf
1488,4e21ba7b-e13e-4d93-9dae-2425ab5febd5
1488,7b6267fd-7e58-4a52-92e8-2c504051e0e9
1488,884dc36b-5ca1-424f-88ad-6d1a31410aba
903,4e21ba7b-e13e-4d93-9dae-2425ab5febd5
903,94c10826-f664-4536-a23d-2492774674c9
903,d015353d-8b9f-4513-881f-10019ea97c4e
903,b56da045-772a-404c-9781-c86922a6ae57
903,e7d64359-370f-4ebd-a956-cf5076836af5
903,fc7cf0d0-616d-46fa-aa6a-1489a9b48318
921,528b8efc-8f3c-45f4-aafd-1f56a0077a4f
921,d087b2cc-9b9d-4d1e-bae1-4525d45b9452
921,7cdfd083-dce4-4b02-a038-8b9e31305703
921,42681909-f652-4d90-b544-4b45785c41b6
921,00d13038-b2e0-47b2-a3f6-6bd27106446f
921,707322fe-d885-482e-8297-c2496fcdeee0
924,00165a49-73f9-4072-8000-8ce6e0862c45
924,42681909-f652-4d90-b544-4b45785c41b6
924,abd6d849-e283-4b75-a1b0-428f7088f9e9
924,8b9fd907-dbd4-4569-aa39-74fe861bd7a0
884,1a7744f9-03b9-4066-a2bf-27ad2b17cf43
884,3b6c50f7-5790-4a1e-b668-819736771280
884,c3438d2d-a81e-49e6-acfd-3b7cf7048686
884,202d2a3f-e0f4-409e-af26-e26d26b48822
884,9ee7c9fa-8ed9-4e4d-8d42-2f2729f69781
884,407adf91-e8fb-4598-b8d1-6415bd8e5785
884,1fb44e73-1ede-4066-bcd1-1e983ce4460c
884,979f8b2e-9495-454c-bd5d-7a8005ac6326
884,bfe81b87-3791-45b5-a4d9-7ced3cfb7cc0
884,a47c9812-77cd-4688-8987-3465c08e471e
1423,fc34ca4c-fa2e-4f21-91e0-e12a05a75161
1423,202d2a3f-e0f4-409e-af26-e26d26b48822
1423,9ee7c9fa-8ed9-4e4d-8d42-2f2729f69781
1423,3d23cc03-2f26-4376-95e8-0bf6c08b98e8
1423,e5832c79-cd9c-4282-ba41-0727a6fb3510
1119,94e97357-a5b6-492e-84b2-49c9008084d1
1119,7de05aa3-1a31-4405-8980-14b6175bd022
1119,61219893-c801-4e4e-b142-75d47d4d70ac
1119,a0da8945-9461-4b47-bfc9-0db495af1525
127,797b4a8f-596a-4cde-bcb0-c266990b942c
127,545a7a83-699e-48c4-af89-7c9c5cd31fc7
127,93c12af8-4f1c-4731-8d98-bda00a9417a4
127,97778a95-8cbd-473b-ab7e-afd195fe1cec
127,8289519c-f8c3-4a92-9b2d-ee7db1a8356c
127,074a1ff5-2442-435e-89b4-09798fc4037f
1528,b9041213-7634-4cc4-9b75-76bc536d5874
618,2611a6f7-c5ef-4f0f-a516-23011806813c
618,0fb70523-1b01-4efd-9d79-1166b3cede46
618,44eedf6c-5a8b-4a6b-9f19-f60a6c7b69a5
1518,f97f2912-c0fa-406e-ae40-d0c12eca9926
1518,17125b1c-9005-4f91-9ca7-2135d6662685
931,0fb70523-1b01-4efd-9d79-1166b3cede46
931,4646dbfd-2dbc-4ec2-8ce1-eb16d19aacb2
931,bb628075-4323-4c75-9cc6-ed0c1dfa6b8b
1101,2611a6f7-c5ef-4f0f-a516-23011806813c
1101,0fb70523-1b01-4efd-9d79-1166b3cede46
1101,dbb03283-9938-4b21-b74a-eae620a6e4a9
934,a79857d8-1a9e-45e4-ba8d-5376e57d174a
712,9adcced0-cb53-46b9-8760-f8af6476a5aa
712,89d16afa-4107-46ea-b111-62121f10a8b7
712,12f73751-2355-4675-865e-7365975845c4
712,b0253b52-c8a3-4768-b8cc-b699fac08fae
712,1b23cdf6-2db5-49bc-b44b-3c124e282842
640,2611a6f7-c5ef-4f0f-a516-23011806813c
640,0fb70523-1b01-4efd-9d79-1166b3cede46
640,89d16afa-4107-46ea-b111-62121f10a8b7
640,8c7fcedc-7e23-49f0-94bc-0f1078e8aea4
640,ff2da61b-b30e-4fc6-9fa2-5879378c60de
640,bb628075-4323-4c75-9cc6-ed0c1dfa6b8b
640,a7fb8780-6737-471f-b233-7fbe8d3c3c97
713,9adcced0-cb53-46b9-8760-f8af6476a5aa
713,89d16afa-4107-46ea-b111-62121f10a8b7
713,3f0d5437-618c-4af8-b440-852a40b24582
713,1b23cdf6-2db5-49bc-b44b-3c124e282842
713,965750f0-2bb2-4067-b8e0-1ccc1e6f4d91
713,d9a3d372-966d-4c3e-851d-eb5f9cdceef6
713,0da8fa08-d5fb-4ec5-9c37-6e6011e1b13f
950,0ecd65df-55dc-42e7-ae72-e03fce2a1f5c
950,f17d152d-1174-44d6-894a-b30faccb7f8a
950,cafa8e85-2ef9-4ab8-a9ed-c6cb04f0a3af
1546,0ecd65df-55dc-42e7-ae72-e03fce2a1f5c
945,0ecd65df-55dc-42e7-ae72-e03fce2a1f5c
945,f17d152d-1174-44d6-894a-b30faccb7f8a
943,f17d152d-1174-44d6-894a-b30faccb7f8a
936,8bc77980-2499-4620-9aac-dd4832d61c2c
936,232263b3-97da-4ffb-9258-be209b433b8f
952,b58e97f8-aa69-4b5d-9a47-6ca66580632c
952,ffc0e93e-3778-426f-bb60-2aa780392c87
947,11e18e80-1bbb-4adb-85fb-54b51e2ef9f9
947,3f2001be-76e6-434f-9059-f435e66a91b6
947,f50fd99f-0aae-4a82-a84f-ba86fe9a5c41
947,1c1bc83b-e616-4353-a286-aa751dd72401
947,b58e97f8-aa69-4b5d-9a47-6ca66580632c
947,ffc0e93e-3778-426f-bb60-2aa780392c87
947,2284ccd7-23a1-4a53-856b-e05353fc37da
1563,3f2001be-76e6-434f-9059-f435e66a91b6
1563,f50fd99f-0aae-4a82-a84f-ba86fe9a5c41
1563,3753b9ed-11c8-482c-9cf3-5e6ebf848b77
1563,b484b9c8-3171-4953-a879-afbfe4e0501a
1576,d4617ff8-4e0d-4942-9a5b-9adea6c1c271
1581,c0c5fac2-a642-4a0b-baa0-eebe106ff4c2
1081,71dfcc1b-491d-493a-a500-c7e9d213580d
1081,1d74b2b6-b7e2-4570-9686-8e7806f14c53
1081,1652c18f-a4ee-46e9-b871-84ff9425aaad
1586,1748b40a-3da7-4adb-83e6-3fa57597274f
970,072dfdc9-ecb6-47b0-8386-707d79e8ef60
970,6d943496-6363-4565-8318-2f164d30f26a
967,072dfdc9-ecb6-47b0-8386-707d79e8ef60
967,6d943496-6363-4565-8318-2f164d30f26a
967,a780c085-874f-49a4-94b3-d209be1aadf8
975,072dfdc9-ecb6-47b0-8386-707d79e8ef60
975,c7ab86ca-1cd8-45ee-8fe8-c0cfbf8f7b09
975,a780c085-874f-49a4-94b3-d209be1aadf8
1606,6d943496-6363-4565-8318-2f164d30f26a
1606,d5a976bd-1289-485c-ab14-687a83eb8ab4
981,9495a817-3b7c-4451-bfe4-33e59eb59c34
969,072dfdc9-ecb6-47b0-8386-707d79e8ef60
969,2a3dad8f-d503-4a0d-be60-2a2d53168673
969,66493ad8-ec28-4c59-82fe-b7d2a6cc2485
969,da796e1d-ccfd-4b8b-b7de-1f1517a5506f
1613,3f2aa502-d4c7-4e49-9f47-9d062ce2c865
984,3f2aa502-d4c7-4e49-9f47-9d062ce2c865
1607,1d22d311-4adf-46e5-9813-2b493dcd43f6
1608,7a89b5b4-8783-403e-85ad-6acce7683067
1608,9dee9b7f-0b48-49c7-86df-d9fc93378a16
1599,6d943496-6363-4565-8318-2f164d30f26a
1599,a3152358-364b-46b6-ac3e-5a45fbe9ba92
997,e14bdf31-9c3f-42e6-b519-dfef5733dd34
997,f85207c4-5d12-4385-9bd1-b3098bc3b655
1001,f85207c4-5d12-4385-9bd1-b3098bc3b655
1001,0689c675-823d-4e91-93f3-eb47cfefae78
1631,f3b4feda-b01b-44cc-aee8-b1358dc4a7b2
1002,f85207c4-5d12-4385-9bd1-b3098bc3b655
1002,f3b4feda-b01b-44cc-aee8-b1358dc4a7b2
1002,b43969e6-f0b9-4a7a-b8e3-c46ea2c2fc18
1002,f78e1507-3ed2-464a-a066-e08451c6d6e6
1002,293b7c33-6f24-4b7e-9d8d-8c674a333be1
1004,0689c675-823d-4e91-93f3-eb47cfefae78
1004,7a30f874-451b-4499-9e44-925b2a98e73c
1640,377a3e84-25c7-4f20-b1db-57d29b5008e1
1633,1347bf91-f362-4d46-b9b5-915c600a70de
1087,f7ac5657-c1bd-4783-9ea9-cffe3d980269
1087,b08f2fee-5822-49e1-9d6b-5cd882c56946
1087,6598b4b7-5041-4990-8cca-d83cb400eb88
1646,b43969e6-f0b9-4a7a-b8e3-c46ea2c2fc18
1017,5199aedc-ec04-47ab-ac64-0b49427834f0
1661,5f0dae88-a62c-4c3e-bfa1-67b37a47c983
1045,52ca2d3f-f3cc-4643-ae98-08bd47da0c82
1045,31459396-d9cd-484d-98bd-2966c1ceb718
1045,861b662c-b938-4099-b1b0-2dcfe0202a63
1665,072dfdc9-ecb6-47b0-8386-707d79e8ef60
1665,da796e1d-ccfd-4b8b-b7de-1f1517a5506f
1047,5f0dae88-a62c-4c3e-bfa1-67b37a47c983
1047,59e284da-7786-4b10-9d40-8c78b8429fbc
1047,88e8ae0c-60dc-44f3-9670-679b5ef50f0a
1678,49c54816-665b-431f-b426-8f987fdcec66
1678,51d9aa32-e46a-470a-9942-9ddded85d3a6
1678,f8099b23-fcee-416e-aa59-73b000509a93
1686,f8099b23-fcee-416e-aa59-73b000509a93
1689,f8099b23-fcee-416e-aa59-73b000509a93
1692,64ac93c3-7910-4b85-b2e8-0b16e86fafd3
1060,49c54816-665b-431f-b426-8f987fdcec66
1060,64ac93c3-7910-4b85-b2e8-0b16e86fafd3
1060,f8099b23-fcee-416e-aa59-73b000509a93
1057,f8099b23-fcee-416e-aa59-73b000509a93
1053,49c54816-665b-431f-b426-8f987fdcec66
1053,51d9aa32-e46a-470a-9942-9ddded85d3a6
1681,8a0fd568-3fa1-4e7a-ba89-548f07cf94b5
1681,f8099b23-fcee-416e-aa59-73b000509a93
1701,0c25cebb-a896-433d-b60d-31ed61f94b9d
1062,4874793a-a3b1-464f-aa24-b22a122fb10c
1702,1f6faf2e-705d-48ab-a214-9e0e29b1afa5
1710,a34aad14-78b1-4bff-b0ce-cd39a04f5838
1071,a34aad14-78b1-4bff-b0ce-cd39a04f5838
1071,93c5f102-adf0-4eab-a60d-be742cf270f5
1071,e6285881-663e-46e1-ae99-04dd61f12a7b
1717,a07cbdb1-b0e8-4ad1-a2c0-8189f4a88140
1717,af09a3cc-c875-45ab-a496-9e5b837e88a0
1717,205c9ef5-f418-4c92-9eaf-90905d2a1f38
1717,7c401776-c270-4673-bf8c-366c1e2225ad
1726,a999d351-83ca-4b17-b546-8cb79ae3de3b
1726,325e1164-eb7d-49f6-a852-04cfb1f0ec0d
1726,e7ee3632-7b2c-4668-b456-ab7d861c1a39
1724,42a08548-46e9-4faa-b119-d612c243faf1
1075,a0dce766-dc66-40f8-900d-62c7f0eefe0a
1718,8fe487e4-ce56-4762-bf55-6b1683ac7a02
963,d32a62ac-623c-4434-8231-d00407773f90
963,6340670c-8e93-432f-ae9d-0845f7f921ac
1077,82957fe6-5fec-4c52-b7b3-4455150e629f
1077,b22aeb18-e5f3-4086-88e6-db05811376c9
1578,7b60ce33-ef49-4785-835b-c4cd7801fae8
1741,2a4fd050-6ee8-42fb-81b8-9cdf934acd84
1084,007180f2-9a11-403d-9785-25b45882f2d4
1084,4c95ed77-e3ff-4f42-a879-5beaddee5ecc
1088,bb3f10be-f943-4cc2-b51c-21dfbefa01ce
1083,b43969e6-f0b9-4a7a-b8e3-c46ea2c2fc18
1083,f7ac5657-c1bd-4783-9ea9-cffe3d980269
1083,407ba249-fb38-4fa8-8122-8c77983edbd0
1083,6598b4b7-5041-4990-8cca-d83cb400eb88
1083,fd28568c-2c30-42d0-8a21-493ceb492863
1766,f32e2994-f475-4937-8db5-4aec14513aa5
1089,9b122a18-c8f3-4f95-afc8-c8a0609390b1
1089,8d5273c7-9d5f-4183-8571-122823819162
1089,6173bb3a-2347-4a4d-ba1e-e7cdd82cb7aa
1089,a7fb8780-6737-471f-b233-7fbe8d3c3c97
1092,d91a92c1-ba48-4213-b377-db463224018f
1092,f629d856-8cc6-4f86-90b6-c41444619756
1774,2e959f5a-b40b-436a-bf7e-da63ff7f9c82
1777,98c0df3d-7601-41b7-a7d4-6b1ec54e5016
1098,95c29fe6-8b99-4eef-b724-9769fd5181c0
1784,cafa8e85-2ef9-4ab8-a9ed-c6cb04f0a3af
1784,10340d68-50d3-4661-8c54-13fc85208b00
1787,352cc272-7690-4fd7-8667-ecfedcfb8670
1090,9b122a18-c8f3-4f95-afc8-c8a0609390b1
1090,a5140e87-2e83-4e8e-bfd2-deffc44145c4
1090,e728e74f-fa9e-41f3-b80d-ce3c303b15f9
1090,bdfe1f94-eb37-411e-acdf-8bf4e7330e8c
1090,98c0df3d-7601-41b7-a7d4-6b1ec54e5016
1452,716a99f8-4e05-4699-8804-240e31483218
1817,716a99f8-4e05-4699-8804-240e31483218
1821,b9edadc2-80f1-4e29-91ee-e8c2b88f9f41
1821,8573dc1e-fee7-434c-a594-e928d47a7b01
1821,f4cbb6b5-0b97-4927-a75c-4e54e84a6876
1821,7c1a9495-35d8-4a72-b654-af0e0a1b6591
1821,4e81e506-fc85-49b4-abe8-747f318a05eb
1826,75f7221e-0719-4153-b620-26b2dd419028
1826,e19998a3-65bb-4a0b-9c8d-16dc5504c82e
1823,15cfd5c8-1640-4f32-a0b5-9bc571a80206
1823,6f5a5c13-5210-4d73-ae6d-e1da51c535bf
1830,b9edadc2-80f1-4e29-91ee-e8c2b88f9f41
1830,51ea614a-0875-4013-92c0-4104aa75880e
1830,7931a079-1bb0-49bb-b493-5d3c11cc2d95
1828,bc19e049-760e-49ed-8dfa-7e96ddd4350d
1828,d24cb5e2-1438-41f0-a7eb-eb6947396f49
1828,02974128-2aec-4e10-9580-d679c6f7cdc5
987,fcf4aa91-ae57-4725-a98b-85d2110befac
987,a118bb3d-4aab-40a6-99b3-a68d17d1ba20
987,9b4dd20f-968a-48b6-a1df-bb719a9ad63b
987,d76ec50a-aec4-4e3e-99ae-e04c31492552
987,6f5a5c13-5210-4d73-ae6d-e1da51c535bf
1829,49c79605-31d5-44af-8776-b8cbf38aca9d
1829,0319fee0-7623-47c4-8510-86b8156c18f5
1829,ece1483d-a4cc-4c99-a203-4e0d55f254d7
1109,128d20bb-4e44-4560-8bb2-01142a6e6fe5
1109,8f8c258d-decf-42d9-98ee-5e5db9857981
1109,e00c391b-2e79-4c46-9fbd-2e78b1548c1d
1111,41e88e00-41b6-4557-a923-9c762f0a0bf6
1111,54eb2f45-7cc4-43d4-9b06-6bc76cf3bad6
1122,60482e6c-123a-4f4f-b371-01060556f931
1117,41e88e00-41b6-4557-a923-9c762f0a0bf6
1117,60482e6c-123a-4f4f-b371-01060556f931
1117,fc3d9514-db7e-4c15-8b37-792a74b5281a
1133,54eb2f45-7cc4-43d4-9b06-6bc76cf3bad6
1133,c2637639-1836-4a7d-af69-01ceb96f023a
1874,6cfeb3e0-ceef-4e06-bf72-85cf43053a87
1175,1cc4ddeb-1f51-4f7e-b287-afefeccfc472
1175,f7b0e764-3358-4efe-8a18-6023c959b543
1126,abe86f91-d5cd-4967-ac71-717825d188bf
1126,23b5cdaa-240b-46ef-ac4f-137430cdab48
1126,f49225dc-7884-4ed0-a3ac-cae6ce27ce8c
1179,6cfeb3e0-ceef-4e06-bf72-85cf43053a87
1179,ca3d3e0b-de5a-49b5-8d4c-c001bcf0d8a9
1179,f49225dc-7884-4ed0-a3ac-cae6ce27ce8c
1179,e00c391b-2e79-4c46-9fbd-2e78b1548c1d
1876,777ad0e6-4292-4eed-aca6-c4ecb5e44638
1876,1ed635a3-59e0-4ffc-ad6e-34035a4b523b
1141,6cfeb3e0-ceef-4e06-bf72-85cf43053a87
1141,777ad0e6-4292-4eed-aca6-c4ecb5e44638
1141,ed918c95-d4c3-47d7-9fd7-e56b4f56c609
1141,f7f336e7-ec92-4ca5-913b-d7bad7c544c9
1176,1cc4ddeb-1f51-4f7e-b287-afefeccfc472
1882,ca530b10-e311-4006-b0c6-28d01d47911d
1924,5ee02e0d-1dfb-4cb7-94ec-a9b6045a5e8b
1924,ca3d3e0b-de5a-49b5-8d4c-c001bcf0d8a9
1145,f574d7e3-cacb-43cc-b148-4e17b861d54e
1183,fbc0a9dc-a8c7-4a04-a21a-233d2cea6c93
1183,fbaadee1-1a98-410a-aba1-242d30ce3aba
1183,d7576e8e-2fdf-430f-8dc7-ef4ae2307900
1120,24600cb0-0acd-48f3-aa61-cf4e4af1cb7e
1120,93045c69-d1b5-45e5-aba2-9440b295efa5
1883,5443fe36-7e1a-4bfc-bfbe-c78b0dc33aea
1883,da4a5c76-e9ef-4166-8b22-53d76e66b028
1917,f574d7e3-cacb-43cc-b148-4e17b861d54e
1917,f3b2d11b-79c4-445f-ae5d-e70f224a0b6b
1945,c10c4482-4073-4525-a05c-ce227491281b
1151,697e1238-7be8-4321-9782-2f9c1f4ea104
1147,c31ee01a-5fb3-4209-ab7c-5bf5ac132cbe
1147,2f7695f2-2740-4f2c-a60f-48db16e2e748
1147,f2ae34c5-4c4d-4ce2-894d-f9ea195219ad
1147,e036921f-a97b-45ae-b6b0-8b8b95326ebc
1147,d2798b56-f0bd-4702-856b-354d27e48de9
1147,9c9255bc-5393-48cc-bb28-d55639039833
1147,fbc27731-45e4-4bb0-9e16-6378ccf2e78e
1143,8f8c258d-decf-42d9-98ee-5e5db9857981
1143,b213f3ed-80c3-4e6c-98ab-1c7baad83f82
1982,8d1b769f-20b8-4c4a-8034-6c619e285d21
1982,4da21711-6449-44ae-90ba-04d88929d990
1982,3bcf1442-f93a-47e4-82e7-0a80c5014b9d
1983,4da21711-6449-44ae-90ba-04d88929d990
1157,c34d9587-80bd-4b98-8c4c-774f2bac2e07
1157,4da21711-6449-44ae-90ba-04d88929d990
1157,0fbe4784-b75e-4174-a2ce-c66295598d84
1157,8a9bd41d-1d68-43ec-8279-b19e8f320d3d
1157,74954ce6-a84f-46b1-a1ba-95a1d1c7102b
252,67d3d1ac-3fe4-4922-880f-a5cecdc9ad93
252,4c7e4a70-6f5a-4b52-a858-7a6acc5a00da
252,9c434b1b-e304-4830-a799-a252fc76e620
1164,58b65f5c-4cb8-4a5e-8549-293c154d92d5
1164,4da21711-6449-44ae-90ba-04d88929d990
1164,da8e7bb6-4943-4095-9189-e43bc9b00f2b
1164,0fbe4784-b75e-4174-a2ce-c66295598d84
1164,16421ace-bc23-45e1-8b5c-430be7da39fb
1164,63c7a763-ae3e-464b-bcd6-fb013c934b18
1164,7d5fdb2e-c3ae-4d67-bb34-876dbd4139f1
1164,0cec849a-a88c-47ea-962a-45272a83d1aa
2016,3bcf1442-f93a-47e4-82e7-0a80c5014b9d
2016,531f3c66-7db4-49db-b54c-6a2bea43fef9
1158,697e1238-7be8-4321-9782-2f9c1f4ea104
1158,2f7695f2-2740-4f2c-a60f-48db16e2e748
1158,115cc982-127d-49d6-9bc9-ee39c7d4b59b
1158,fdc1c71d-95cd-477d-8f26-76ff7be42dc8
1158,59e6d587-14c7-40d2-b153-87acf6ae1f96
1158,dd797264-901d-4e2f-b799-554482de523c
1158,58b65f5c-4cb8-4a5e-8549-293c154d92d5
1158,6984cc7a-0497-41ba-81ea-1af8a8f10518
1158,16421ace-bc23-45e1-8b5c-430be7da39fb
1160,da8e7bb6-4943-4095-9189-e43bc9b00f2b
1160,299fe093-04aa-4559-b602-0fc271091ced
1160,6edc9ef0-8063-4f60-a2cd-311e68804758
1153,2f7695f2-2740-4f2c-a60f-48db16e2e748
1153,fdc1c71d-95cd-477d-8f26-76ff7be42dc8
1153,25e40ed0-e6ad-4360-b7ee-951be084ac2c
1153,e7d836e1-2291-4aa2-addb-fb44312a3beb
1153,ef1ab4a1-8662-4e69-b237-40dda986b3f0
1153,fbc27731-45e4-4bb0-9e16-6378ccf2e78e
1153,31910de1-7edc-4e09-bf17-9ef039f06418
1153,58b65f5c-4cb8-4a5e-8549-293c154d92d5
1162,92cab9c5-644a-44d8-a4ff-39e152511c2b
1162,cef9c811-46e5-4a26-a5ff-cb3868ee4840
1162,7337b9ff-9327-489b-a130-0271f5bdfeea
1162,299fe093-04aa-4559-b602-0fc271091ced
1162,c26eab73-128e-4165-b61a-34a4347bfdce
1171,18dd9e8e-c760-4aa5-9bb6-0cab233ff73c
2052,ab907117-bd2d-4888-9566-66e031043d35
2066,08382a2f-56bf-426c-baf7-5d387889e48f
1161,6984cc7a-0497-41ba-81ea-1af8a8f10518
1161,563c21dc-89f5-4646-92c8-98c1c199f016
2036,1ae5ad84-8123-448e-8373-2f9c30b723ea
2036,a4705496-9e0b-4dc8-b76c-885248b7c50d
1170,8a9bd41d-1d68-43ec-8279-b19e8f320d3d
2018,8d5295b5-9d3b-47dc-b366-835593dd9649
2012,83cfe090-98e1-4893-badd-24e8ccc9204d
1156,a9d9bec8-d913-4395-a72c-2a780cd71497
2032,0cec849a-a88c-47ea-962a-45272a83d1aa
1970,a4705496-9e0b-4dc8-b76c-885248b7c50d
1970,16421ace-bc23-45e1-8b5c-430be7da39fb
2017,a4705496-9e0b-4dc8-b76c-885248b7c50d
1974,c26eab73-128e-4165-b61a-34a4347bfdce
2089,1cc4ddeb-1f51-4f7e-b287-afefeccfc472
2089,e00c391b-2e79-4c46-9fbd-2e78b1548c1d
1925,d1de71af-284b-4860-9ff2-bf62b53dbc38
1925,e00c391b-2e79-4c46-9fbd-2e78b1548c1d
1925,f7b0e764-3358-4efe-8a18-6023c959b543
1181,e25bc753-366c-456b-8b32-cd8e5b65dc55
1181,78f448c1-65c9-4812-8910-dce0aada2d7e
1181,d7576e8e-2fdf-430f-8dc7-ef4ae2307900
1685,1ae5ad84-8123-448e-8373-2f9c30b723ea
1685,6984cc7a-0497-41ba-81ea-1af8a8f10518
1685,63c7a763-ae3e-464b-bcd6-fb013c934b18
1189,244ad5f2-3f0c-46b8-98dc-946815a180f3
1189,87b078a2-036d-406a-9ad1-a254e4302872
1189,b4f5a2ea-418d-44da-b7a2-34112b074022
129,404a21e5-2ba4-454b-99ec-1fbd12da4d59
129,5098d4c2-3492-473d-a306-41e6f3b45223
129,ba45fcf3-da0a-4e32-9162-a3a1cef6cc1b
129,89a805b1-f713-4f17-a7ed-61c6fa03f0a9
2124,f3d769bf-09ba-4e9d-af99-a2ccd075fb71
2124,517102d0-d46a-41f6-b3dc-86289b7200dc
2124,c7ba32c7-21cb-450d-b014-5ab981db5729
2124,e8da8051-febf-4272-8d6c-67b079b38f23
1198,667c08ef-9122-4d06-bf01-0bdbd8ddfd29
1198,a8dc427b-1ebe-4af9-877c-2f3a52ba6873
1192,03b630de-b05f-4fc4-84a8-1b71b32f8210
1192,447a1885-f2aa-43db-98b8-32aab6124304
2122,d1b81a60-338f-4966-a0fb-d41aae30821e
2138,1dc5fdc4-b341-4e69-aa75-7d4edbbff634
1194,6778eb92-099a-44a1-b204-f7a246f7feda
776,4f43373e-fb9c-431a-bb15-db7b6457b928
2120,75faba95-4ad4-480f-90bb-8d47bdede210
2120,311cfa91-9d48-4542-802e-8a08ed78f29e
1210,954f14d1-b349-4637-b0bd-7ca974e716fe
1210,807760e5-86f6-4742-b284-997f8eacc5f4
1210,3a14ec75-dd6d-45c7-8021-e77c3d67175c
1210,a3a9cf9c-3e19-4a57-b0cc-bf0ea5d2ec32
1210,04bfc04a-9378-4aee-b18e-6a5ac2d06c3e
1210,224af141-e751-4827-8865-529080dff3bf
1218,807760e5-86f6-4742-b284-997f8eacc5f4
1218,db43038b-f7f9-4a52-9615-357c9f5d8da0
1218,dfc99bdc-935b-439a-8205-f605429d4d10
1218,dc1460c6-ab82-40b0-88f0-9716ccb7b5ad
2156,e151d2db-e4fc-4b3b-8755-cacf08e14cb4
2156,9363c532-76f3-4270-ad04-d0e236c9e3a7
2156,1a2c07a5-f793-45f6-bf8c-ce415c800067
1226,bb96c1a0-71fb-43f4-9acd-2a3d45a67e21
1226,1764cd50-e00e-43b1-b550-9e0fdbbe759f
1226,cda36f79-c95a-4d71-ab27-6bd2ca797d0c
1226,698812ed-ead6-4ab0-b2d2-119f7681939f
1231,d20419e2-d790-419e-8682-1aec1a7af3c6
1238,bdf14daf-0fdc-4533-9557-61b7666c97c4
1238,c7b832ae-33f4-4891-8846-91619855fa4c
1247,e06fdaaf-1075-4298-aa99-af805d90bf53
1247,87a48a8b-bd26-4432-a280-a9245357f56a
1247,f84cd690-9f86-4f29-857c-b2949d591ef7
1269,69c26701-8628-45b0-83d3-b0c225001b5d
2187,f51e92df-f308-469a-8e19-7b1bfc10f264
1877,8e081615-c6ac-43d1-ae65-f06ffbe96e71
1878,6ed7a428-debd-4c6c-a0a4-22b8532ca71d
1275,23eccc55-7242-4651-9c50-315e1bfd1c76
2192,b020ca71-037d-4905-bf56-2c756536145d
2192,19e868c8-01fb-4a57-aec6-852f98b465cd
2192,1894dd2d-bdf4-4de2-9b64-3098228827cc
2262,bdf14daf-0fdc-4533-9557-61b7666c97c4
1245,d748d7dd-8f05-44f5-b649-528c6435a520
1245,724c3d47-6706-48af-b591-1b535c59c4e7
1245,ff6303ed-7631-45f0-a8af-ca8a264c4192
1245,4c154f43-bac0-47a2-87c2-c7ed55e3ed4d
1236,dd3934aa-b0bf-4099-a1c0-acf4a69a60b3
1236,00cdd792-47ef-4746-80e8-0fbca16e7383
1271,b336f5cb-b42f-4876-96b1-6301dcc5d06f
1271,1890b88d-8319-43d4-8178-abf5d414dbd2
1268,0f5a228b-f818-489a-b44d-12c24098d83e
1268,37a16d16-d0f8-45e6-b35f-381014146b83
1244,a7a27e41-b39b-4c91-a695-0e3b36347a7f
1244,f968687a-89db-4dfb-8250-08da91cb6d74
1244,496a4252-8dae-4276-aa8b-215bba66248b
1262,a45bd7b2-d8da-4a60-b829-791eddc602d7
1262,0f5a228b-f818-489a-b44d-12c24098d83e
1220,98e4dfe1-6316-4811-a0b1-a80e153900f6
1220,7a7026c3-2668-4df9-ab7f-e7349fb65feb
1330,48d16415-996f-42f5-ad3c-3b287350f088
1330,38c33314-049a-492c-bad9-6860b84f8223
2133,954f14d1-b349-4637-b0bd-7ca974e716fe
1203,367155f3-bc97-4e03-99b0-a6497a1e1eac
1203,44ebc6d2-d47d-4842-8ebe-a6880b9b57a4
2317,bdf14daf-0fdc-4533-9557-61b7666c97c4
2317,b47038bc-a208-4124-9d98-ebc7139b13de
1263,76a69458-d858-487d-9ab3-1d8c470ac514
1263,1802672c-58ff-4c29-82f1-813f5ef85fdf
1256,2503c52a-57b5-4a4e-8b0b-4b9cde850c08
1256,4ed1a825-d3a1-46b9-91d4-35d4363eb127
2353,4342385b-ef93-4846-b3a4-c16f137d42f4
2353,255bba69-efa9-43b8-b85f-d6f59de545b2
2353,5fc379e5-3847-43dd-9a81-ae0ec70d8416
1207,21a5ac04-eac1-4563-9a4b-33acbc59e9b0
1207,04024f97-bea8-408b-89da-e796b72fe87e
1207,f65e571d-4feb-4fd8-94ab-323b1fdb6fb9
1207,e70de44a-0458-4837-83f4-2a3a67add410
1207,64bdeb61-1aeb-4315-8f38-5f3ce01192b7
1207,3762f6ad-3367-4bb7-887f-f5c76d9180ac
1207,467bfc1b-f807-4cd8-8133-ac69c852e1e7
1207,0276e046-109b-4a69-9b56-2b02cbb797f2
1207,2c7598ad-5e28-494c-ba7a-5362c4479045
1186,db638e58-6b4e-4590-aebe-a24f1f26b029
1186,21a5ac04-eac1-4563-9a4b-33acbc59e9b0
1186,04024f97-bea8-408b-89da-e796b72fe87e
1186,f65e571d-4feb-4fd8-94ab-323b1fdb6fb9
1186,e151d2db-e4fc-4b3b-8755-cacf08e14cb4
1186,3a6aae70-702b-42b4-bd4a-47482dde8d7a
1186,b3af5284-21ba-48cb-84b4-ef94b1d2b740
1186,68dc8d0f-e795-46d0-acde-bfe90ce167ba
1186,3762f6ad-3367-4bb7-887f-f5c76d9180ac
1186,467bfc1b-f807-4cd8-8133-ac69c852e1e7
1186,0276e046-109b-4a69-9b56-2b02cbb797f2
2355,ba45fcf3-da0a-4e32-9162-a3a1cef6cc1b
2355,14115153-9f22-4a55-a900-091d8a7992e5
2355,ad0bfbc4-60b7-49fc-bc02-8b2149bc30d8
1191,fbbc404f-b533-4428-a42a-07acfd34f440
1191,a40fb470-cae5-47ef-b342-d2001c2e4dc2
2165,224af141-e751-4827-8865-529080dff3bf
2165,1764cd50-e00e-43b1-b550-9e0fdbbe759f
2165,cda36f79-c95a-4d71-ab27-6bd2ca797d0c
2165,d10f4744-74e5-4ff9-b53e-d8e69c96190b
2165,4342385b-ef93-4846-b3a4-c16f137d42f4
2165,7405b38c-1fb1-4c49-aab5-9b5f3fc7e789
1306,cd92b3d7-17fd-453c-b223-f3ee7cbb9988
1306,d7d3aac5-fe25-464d-8761-6d1ba6957aad
1306,a9e3ed82-432f-420b-b5aa-f1ff41dadf8a
1306,ec0d6100-b67b-4398-ab0e-063e3083bdfc
1306,7c482e98-4509-4491-92b2-b973d361cf82
2392,13f971d9-e932-46b8-bcd4-d2dd34d68d83
2392,e5f30e5a-1dce-476e-972f-701e08c8b85f
1309,4058d763-3c8a-431d-9573-fe573edb835a
1309,bcd6027c-458a-4c59-8dfb-b94598f3b244
1309,1843ea17-bf1d-4910-8af6-1bfa45bd180e
2396,224ef451-1227-4405-ad69-a58e256b7d8c
2389,b9468f6d-fc37-4a48-b9b4-7f161904abc2
2389,1ad59430-3e4c-4fa6-802a-3b0b3bfa702d
2389,02809638-cc10-4abe-bf06-d8cc8fe91aba
1302,8cd9ecc9-c491-4a86-9435-101fe1aa3ed8
1302,4b4e470f-bea5-4f0c-b612-e06277e28d1f
2391,f04519c6-a528-49af-9dbd-33ba34943356
1308,ad664afd-fb44-43fe-95d8-b69ffbeead7e
1308,258d2ac9-8c17-4479-ba7f-8f5ab032986b
1295,6c4271e3-d6db-4b36-b676-cf10311dd154
1295,24625425-377c-4680-bea0-a3a1f7ba2386
1291,f2fbfe08-5536-4077-888b-acb583819a6d
2142,647e6506-4302-45b8-a4a3-a5aa71072466
1289,d7d3aac5-fe25-464d-8761-6d1ba6957aad
2438,b7a31f88-6225-4e50-b30d-774ce801440b
2438,a7058d34-34b0-4f8c-9f7c-d481fca18102
2449,0d3eb041-7a26-4d89-ae7c-79cca64c0a99
1313,e56a43a6-2b11-4dd1-b4d0-be0bdd557de5
1313,47518684-5741-4927-b553-d2692871f4d6
1313,821175e2-50da-4c89-aac9-ed4acc41a61b
1337,425fff1e-0f71-4282-83b3-7013633fe70c
2457,6a088a03-e666-4278-bae0-828ac8f17887
2457,8e7b7acd-4003-4d5a-8c6e-166e2e25ad0f
1316,26db331a-7209-4a91-b8db-bff1c6854ba7
1316,2df00eb0-4f93-4610-a60e-b1e4d79c64f3
1316,2c6fa4b5-e080-41b1-abd7-16e9b5a8020a
1316,52ed018a-13b2-4dad-b641-541ceb00b576
1278,f9d8599e-963a-4d3f-a96e-b1a964d4a53f
1323,80e139d7-25c6-4d09-926b-349aa21a8c14
2420,54acbeea-9015-4155-921f-f074733d232e
2455,9d3d4770-96e6-4d24-a96d-33ded584cb04
2430,d0fb6a08-ce43-4208-9141-2d1b7e2df3f5
2430,0377c9a4-fdd9-4a1a-8511-68d1ee2b0446
2439,b6aa6d39-e8e4-4cc0-abad-f63aa1891d3f
2439,1f6cee7f-fac7-4016-9bfa-2ca133f80b0f
2450,1c09fbee-9722-4fda-861a-0bc326d1432f
2434,d0fb6a08-ce43-4208-9141-2d1b7e2df3f5
2434,a04613fa-f828-4c9c-9478-5b0c235ab9dd
2479,de6de49d-10c8-4be6-93da-2e1d4a487da2
2312,26db331a-7209-4a91-b8db-bff1c6854ba7
2398,99c30063-be94-4001-9a03-ab9ac690e126
1200,8a4ee0f8-a023-4726-82f3-2b16cc50ed75
1200,fd1e6f3a-33e0-4aa4-99ce-ce3f93429bf5
2148,7ab48afc-6186-45dd-932c-c7bde7c5367f
2442,6a088a03-e666-4278-bae0-828ac8f17887
2442,afdcb207-54a5-4d5c-880e-f11740b849ea
1329,69252fa7-244f-4298-8963-4bd2f48c4558
1329,38c33314-049a-492c-bad9-6860b84f8223
2288,b1a189db-cf6d-4924-8668-c3ec781ec425
1219,508165f3-6f49-416e-b43e-40f68b584f8a
1219,6d855333-4af5-440a-9062-2648b7172099
1219,0cd0f64c-d821-45bb-9650-394132f16b98
1219,1b728d50-ba77-456d-8637-0c9c6c1336aa
1486,a41c4b02-7ed2-47cc-935f-f4cb83e4d3b5
1486,16cbb1b4-0715-47bc-9eb2-650fb0bc7fb7
2508,ba715591-93e1-41ea-a814-f77f677bdf3a
1479,726b52fe-83d0-4ce7-a74e-86a5f10de880
2528,16ef5c76-9223-4547-b022-e0a165794bf9
2510,551be5ed-8281-4e73-956c-ac3e956d1968
2542,d1cddda8-415e-4fbd-b5d4-68aa1765bd6a
2551,21702ced-ee0c-4d69-bd59-9a558ad1252c
2495,28030a85-7a55-48bc-a967-1c2a81027e6e
2495,78a725d3-608b-4c9a-8bfe-e75a66ef2056
2503,e704da12-6fcb-4b49-833b-4cfb13237b0f
2568,ba715591-93e1-41ea-a814-f77f677bdf3a
2568,6757a9df-fd65-41e3-bf4a-b03a186eb765
2568,78a725d3-608b-4c9a-8bfe-e75a66ef2056
2581,563c21dc-89f5-4646-92c8-98c1c199f016
2582,b10db782-d139-4a8d-a1c7-ce92e1994ff0
2586,dcc0b40e-7d56-4647-8541-9b47b2662626
2586,78a725d3-608b-4c9a-8bfe-e75a66ef2056
1485,994ac4ac-091d-4b3e-b4e4-aad72a579343
2547,96dc0ed7-b9e8-4d0e-b6cd-9357bc1e7c95
2599,ba715591-93e1-41ea-a814-f77f677bdf3a
2599,cd1542ef-58f0-41e5-b664-3c6a2bef820a
1466,563c21dc-89f5-4646-92c8-98c1c199f016
2555,7177b842-6118-4c0a-9e10-0499c2e24ef4
2624,726b52fe-83d0-4ce7-a74e-86a5f10de880
1490,0468ba2b-3169-409b-b05c-88f28af58803
1490,ef8c98c0-70f3-4eb1-a984-7121bc252b35
1490,ed8158b4-68c4-4b7c-a352-fe1786f32ef4
1482,bcb035aa-d8aa-44fe-88ec-9517e1297d7a
2557,29a8b5fb-eb35-4f64-984a-3dd5d5245308
2557,466c786f-52af-49e6-92ac-9be8a5abb158
2538,16ef5c76-9223-4547-b022-e0a165794bf9
2545,ba715591-93e1-41ea-a814-f77f677bdf3a
2545,054d02c4-2065-470f-9a39-38212f83780c
2611,5a0ff2af-b4a7-4bed-96ab-b18ecdeb5d68
2611,666242a5-6338-4824-a267-25b16ab06488
2611,b22e4351-66e7-48cb-96bf-2a804937ce87
2611,5f35345f-200a-4542-a735-b7ccca560eda
2611,f9231b77-c4ef-4639-aeb0-0cc971f533aa
2561,78a725d3-608b-4c9a-8bfe-e75a66ef2056
1478,622b8bca-dd26-4d38-9200-87ede1d9cf21
1478,1a848ae4-3d8b-4d4a-82b5-17f2cd0f645b
2497,58b46d8d-8cfc-4481-9926-c83283b68bde
2497,28030a85-7a55-48bc-a967-1c2a81027e6e
1484,b7efb0ed-ce48-4a7b-9266-dc494d020b7e
2649,c93d2608-17d2-46ce-a359-e806e3e48780
1028,6c7bfb88-28e3-49de-9c3a-21dc28f35acd
1028,94d60f22-2c9c-46f7-beb7-8aaa3a806bfa
2656,90da7c42-163f-473e-8b9d-52a475c54545
505,42e1d786-70f7-4d49-83a0-77637db97576
505,8158e2a1-3a68-4d19-aef7-6a3ebdc20d10
505,dc4de7cc-0147-4aa0-8c93-3a20750452e5
505,f65dacf0-a629-4996-a174-2f13507c8075
505,36fab160-82cc-4ea9-b4af-1d92c385fe7a
505,289eb069-a0eb-49ea-b418-45cf98c81d6a
505,0b4cb905-1a00-4949-83ec-f615d34585b5
505,3d86a4a4-58ee-4434-af95-2d0105444e26
505,5d386522-248d-4f73-8c5e-a69aa15314db
505,a564bbf4-fef7-42e6-b642-3d1f1b5d5d18
505,c2d4c2f3-77f6-4f40-bda2-f6e221331b6d
505,7d4d86d0-c87c-442f-8051-805441ddd9a0
505,a4d5b01b-34d4-43df-95b7-3f8aedc65eef
505,fb871bfb-8386-4f53-a4d7-40c328d6cde9
505,3ea2e5cf-0c90-40c9-a421-273cb6e2e7a5
505,66e7dba9-5ae5-4e3d-990f-f32a128330a3
505,fd4a5836-01ee-446e-af79-c28efc9771cb
505,3424cf3b-7f29-44b5-a382-0710e7fd9ace
505,06cd7f0f-2851-4aac-a0f4-dfa569cb5301
505,bab659ec-7f3b-42ee-a3ee-a56ede300579
505,9d407550-82be-42d2-8f3c-bbedb199b580
505,bd55c74a-62ea-4361-9608-717da1ea985e
505,6b7f07ac-afbc-4ce4-9dd5-82b4710492d9
505,94d9e49d-dc0c-4c88-868b-38000d8efa78
505,da520a65-9f64-4c68-9066-dc57eeaf2524
512,0a1aacf8-a541-4b2d-96e2-1d0f079f110b
512,dafbb834-850d-4150-a0e3-e9a96cbc9641
512,ed16e2c8-18fe-4db3-9dd0-5f807e17530d
512,403b1baa-9b28-4126-aa2f-8bdd753ec690
512,1ace805a-b16c-40d4-b318-fba6ff5c7cb0
512,f2ea9736-18ea-4220-a7c6-1915c8afbbf7
512,8513acbe-faf1-4dcd-ba8e-a4349e576bcd
512,e34e533d-ea73-443e-95d1-18bd088225ec
512,8935412c-7f29-4a43-9e40-7ab4ce3208be
512,526bb08d-0d72-4a95-b322-ecddc5d4a35d
2691,694ecafd-ec65-4dd7-b202-2070ca133996
2691,1ac83c71-451c-46dd-ad1b-92f547162388
2691,a0623c88-0489-4a48-8f06-8c5daa87b8b4
1358,0f422dcb-ea6d-4ac8-8003-4f6360cf0d71
1358,a09104ae-ca78-4d4f-b810-f68c34490bde
1358,be8a2df6-b290-4850-9fd3-9e382530815a
1358,6ad45fce-30a9-424f-93c3-a40fe49dd2e8
2725,482b0bcb-026f-4160-b16e-46da35e953bb
2689,015790a4-4eee-4b91-9ba0-cf2169edbf98
2689,00323e8b-d2a0-4ca6-88e5-dae3e15b5ace
2740,caedf60a-2604-475a-be0c-6026462f54fe
1388,eafdb735-4f3e-406b-81fe-9614cf75f2ba
1388,015b6beb-62eb-48d8-9f29-ba62f7fefd50
1388,8eae1190-f4ad-4c21-a618-9bd0c5be6959
1388,a9016322-ee14-4baa-9b36-97c4ce1100ff
1388,39ab348a-672c-43ec-a00f-78e531bcba45
1388,5a99fbc9-1199-4e09-975c-805569fc00c8
1369,64783d39-6ca3-4cfd-8e9c-2d2bad2bb94e
1369,2609a476-876b-4788-bf50-9c1c4e83855f
1369,4f249f97-c871-424d-bab2-4ea251aa1a44
1369,68f6e7d3-2496-4823-8810-66644c9cb751
1369,4db54260-5320-4708-883d-c5e3669ce397
1369,92882774-b327-4444-83d0-6a6632afc5b5
1369,a4a77c94-5a67-4b69-900a-82abfdb8754c
1369,f463cd45-4632-438f-a0be-0ee67585fc6f
1366,eafdb735-4f3e-406b-81fe-9614cf75f2ba
1366,e6c976ed-178c-4098-b66b-5e81c4c5991e
1366,23ec179b-5c32-43f7-a303-0196c4b08a46
1366,15523ed3-d34c-49e4-b131-b6818662dc33
1366,4774b237-d8b2-46f9-ae1c-079c4509757a
1366,59ab0cd1-7e12-4929-bb0c-55370ba214c2
1366,4bee9369-7dde-4f0f-8aa4-09d7703bec98
1366,20041284-2be9-4895-996a-3eadd845c520
1366,ae28076f-66aa-46f2-9d07-04a68737d87e
2531,f5756da3-c393-4de1-93c1-304bd0b5d0a0
2531,97357d8e-169b-475b-8d8c-6be2dc8ea152
2531,78441f08-3ba3-49c6-9f65-324456b2a29b
2531,e1f92a5d-071c-41d8-80f0-f70c098f46ff
2531,6046c453-86b2-46ef-9aa0-431b8ae11f6c
2531,f8c6544a-7a6f-412a-b27e-304c5eb94bbf
2531,a7fb8780-6737-471f-b233-7fbe8d3c3c97
2803,97357d8e-169b-475b-8d8c-6be2dc8ea152
2803,78441f08-3ba3-49c6-9f65-324456b2a29b
2803,4000eac9-97ad-43d2-af61-a3a6a19a4cd6
2803,f8c6544a-7a6f-412a-b27e-304c5eb94bbf
2803,0e88e523-b9a3-4295-a5e6-0fcc35bfd6f8
2821,ac7b6744-57e2-4c4a-9bd6-c4c12c67d9e5
2821,4c9caf91-1fd6-47f6-a0a2-8520b349e7b4
2821,f15d38b2-fa03-4045-a592-8c76e5498c02
2821,d6e11ea7-c5b5-456b-bce1-666bb0fefb61
1378,78441f08-3ba3-49c6-9f65-324456b2a29b
1378,e1f92a5d-071c-41d8-80f0-f70c098f46ff
1378,59e88919-9727-4347-b052-8845d5e76b3e
1378,0df9debb-2f04-4583-8383-da5b3c8301cf
1385,e1f92a5d-071c-41d8-80f0-f70c098f46ff
1385,4c9caf91-1fd6-47f6-a0a2-8520b349e7b4
1384,1f8a9290-625b-41e1-a127-db688567aea2
1384,c48ef5d8-b78a-441e-b960-a121806c4953
1384,80dd52ee-f51a-441b-a1d6-5214ad0f6f88
1384,e1f92a5d-071c-41d8-80f0-f70c098f46ff
1384,6046c453-86b2-46ef-9aa0-431b8ae11f6c
1384,f8c6544a-7a6f-412a-b27e-304c5eb94bbf
1384,380e7658-c12d-40f0-a3f9-3b9357ded655
1384,b94b416c-2ac2-4a2e-851b-1a4c9c4dad4e
2829,a7fb8780-6737-471f-b233-7fbe8d3c3c97
2833,81e3bce8-d7e9-4f97-b97a-b538f4724cf3
2837,005252f8-c0af-4550-b552-a530fa5b7619
1032,3b765715-e9e9-44ea-803b-4fde0293f3e0
2258,81e3bce8-d7e9-4f97-b97a-b538f4724cf3
2258,a833d8b5-eab9-4271-9a5e-458439ee1c4f
2258,2e420d58-3c4b-4110-89f5-7a25384b426f
2045,309d7172-e693-4206-82d5-fec32d46a763
2045,81e3bce8-d7e9-4f97-b97a-b538f4724cf3
2045,5177de6f-ae2f-46ed-ab91-37316e4130ea
2045,7fa09b8c-8bda-4069-8dd9-c6c0de8468fb
1037,17bde54a-c556-4612-99b2-e360d29a8865
1037,56271862-1382-44a3-906b-ef03fed9f760
1037,41a0fd2c-252d-42de-a6c3-fb0c6bd75c6f
1037,78d287fd-068a-4364-9c12-24d8a1a06758
1044,775bd021-ed65-4d6b-a475-409e39254fb0
1044,41a0fd2c-252d-42de-a6c3-fb0c6bd75c6f
1044,57f4aa7e-2d29-4e85-aff8-d0366fdc0403
1044,42712fdf-c4f2-4d98-bd7b-96ac847dc310
2850,6168f2ad-7837-4483-9567-5608de026965
1389,23da92d2-779f-4885-982d-8018546af650
1389,a5d78e45-f610-4c1a-bf66-f1e6588746dc
1389,82129885-4298-4130-8144-981afa66f973
1389,49409696-a8c8-47b8-9516-43cfc492a46e
1402,b60f8633-a7f4-4ae4-a478-43bff7a46265
1402,ccaff0d5-d63a-4c64-85bc-92918721ec83
1403,b60f8633-a7f4-4ae4-a478-43bff7a46265
1408,2b791640-b917-431d-b775-f668a275278b
2895,e7eb4a53-7960-4511-9d2d-9fd02732c7ee
1395,2d6104dd-856c-40e1-bac9-33d93fe12812
1395,43dc8c07-4b6e-4dfd-9172-01e2736f42c9
1395,e7eb4a53-7960-4511-9d2d-9fd02732c7ee
2550,4d2a4f45-d9ad-4ea2-b85a-769c304c3821
2550,8f01329f-7298-469b-a00f-48de430358d5
1404,b60f8633-a7f4-4ae4-a478-43bff7a46265
1404,5be1bea7-6497-4b57-8a9c-1c94c5553b62
2565,761a3bf9-37b9-449b-9865-2e9a962cadb0
2565,529c0dae-c52e-4510-ba2d-ca057eaa958c
2565,4d2c1729-bc21-4dbc-adf2-ac762209e80e
1396,2d6104dd-856c-40e1-bac9-33d93fe12812
1396,5c18a14b-5c74-41d3-b21f-909103e90f5f
2567,8f01329f-7298-469b-a00f-48de430358d5
2567,1487d9b8-0af5-42ca-90a0-6b4be5f07d79
2567,47f462d0-6e68-4a6f-9108-88ea1bd35193
1421,e7eb4a53-7960-4511-9d2d-9fd02732c7ee
1421,688dda3f-9fb9-4b14-9fdc-fd002f601c86
1421,1b72b2ca-03c1-48bd-be53-24b0b2ee8400
1432,e7eb4a53-7960-4511-9d2d-9fd02732c7ee
1432,688dda3f-9fb9-4b14-9fdc-fd002f601c86
1432,303fa5dd-acfc-4116-b2e8-0e93081c137b
1406,43dc8c07-4b6e-4dfd-9172-01e2736f42c9
1406,688dda3f-9fb9-4b14-9fdc-fd002f601c86
1394,2d6104dd-856c-40e1-bac9-33d93fe12812
1394,8a7b2b18-0575-4bfb-92bd-0e0d649dfa2e
1394,1b72b2ca-03c1-48bd-be53-24b0b2ee8400
1410,e7eb4a53-7960-4511-9d2d-9fd02732c7ee
1410,761a3bf9-37b9-449b-9865-2e9a962cadb0
1410,47f462d0-6e68-4a6f-9108-88ea1bd35193
1410,1b72b2ca-03c1-48bd-be53-24b0b2ee8400
1444,4d2a4f45-d9ad-4ea2-b85a-769c304c3821
1444,47f462d0-6e68-4a6f-9108-88ea1bd35193
1431,761a3bf9-37b9-449b-9865-2e9a962cadb0
2894,5c18a14b-5c74-41d3-b21f-909103e90f5f
1433,5176d15d-8c3c-45e0-b56f-b1411b42068c
1433,548c6b82-c88e-4f9e-84d3-14d79a442716
1433,75188bf1-78f9-480d-a865-9f6b3d427f70
1433,e57117a1-f39c-4143-88ae-f08132138b55
1363,548c6b82-c88e-4f9e-84d3-14d79a442716
1363,e57117a1-f39c-4143-88ae-f08132138b55
1398,2d6104dd-856c-40e1-bac9-33d93fe12812
1398,158fe2ac-47e7-40d5-bfe1-613846ebdb94
2560,8a7b2b18-0575-4bfb-92bd-0e0d649dfa2e
1401,2d6104dd-856c-40e1-bac9-33d93fe12812
1409,2b791640-b917-431d-b775-f668a275278b
1365,548c6b82-c88e-4f9e-84d3-14d79a442716
1365,e57117a1-f39c-4143-88ae-f08132138b55
2268,fc007b4c-b994-4c9c-9e0a-9f8d63f9c999
2268,7babecea-2c73-4e99-b1fd-886c82c76289
2268,074948ac-ff9d-4b80-af2c-3b10e58d2094
2838,6dc706d8-3710-4dd3-878d-d12a07a08664
2838,a7fb8780-6737-471f-b233-7fbe8d3c3c97
1377,97357d8e-169b-475b-8d8c-6be2dc8ea152
1377,6046c453-86b2-46ef-9aa0-431b8ae11f6c
1377,f8c6544a-7a6f-412a-b27e-304c5eb94bbf
1377,f2ece018-085d-467a-86f4-11066ee5ec7b
1377,f316dfce-dac3-4e4b-bdaa-146e3e30d8fe
2836,17bde54a-c556-4612-99b2-e360d29a8865
627,2611a6f7-c5ef-4f0f-a516-23011806813c
1448,f1887eab-cb49-47aa-bf44-f0cf3bf3c327
1448,ee7157e2-145b-4ff2-b473-7bffcc2f2c3a
1448,a6b93440-f877-475c-ad33-27249545d66a
1448,24b3f3a5-11bb-4721-bf5d-34af0369a5b8
2590,f3990a07-a06b-4c50-9024-af7eef210bb0
1440,46596f8c-9e8f-4284-bc76-dc19821b354f
1440,d0ea1513-f053-430a-86bc-74e1ee64c904
1440,d2695e7f-b4e2-4c81-9ac9-5587a4d5a723
1354,2284ccd7-23a1-4a53-856b-e05353fc37da
3155,f3990a07-a06b-4c50-9024-af7eef210bb0
629,2611a6f7-c5ef-4f0f-a516-23011806813c
629,9b5360d0-a2ed-413b-a167-68c99bf7465e
629,cbe4d064-e9fe-4c87-be0a-cc7b1bacf724
629,3379cdeb-f744-4d34-9fc9-72cdc28eeb9a
629,974ca7ce-e3c6-46b2-bfc5-37c0ed964461
629,0364fffd-9a46-426f-b115-25b5efba2b02
629,d346bbcf-2d5c-4b0d-909c-efbbe0ace826
629,f3990a07-a06b-4c50-9024-af7eef210bb0
1460,563c21dc-89f5-4646-92c8-98c1c199f016
1460,2284ccd7-23a1-4a53-856b-e05353fc37da
1118,128d20bb-4e44-4560-8bb2-01142a6e6fe5
1118,24600cb0-0acd-48f3-aa61-cf4e4af1cb7e
1118,53e934db-d100-40f1-ad6f-d3b4fba46029
1489,563c21dc-89f5-4646-92c8-98c1c199f016
874,35c35d3e-8961-4bec-9629-375b3af7e2e9
874,1013199d-d0a8-49ff-90a3-a0481d2b1723
874,b36fed40-5a77-4bd4-848a-005ff9439d55
874,68cc7994-3aea-4d63-af35-e9ed350d375b
188,5c1cace6-64d1-49d5-bcea-863cc8b92348
188,93c12af8-4f1c-4731-8d98-bda00a9417a4
188,66f01237-857c-4408-83fd-4c13fd160015
646,2611a6f7-c5ef-4f0f-a516-23011806813c
646,0fb70523-1b01-4efd-9d79-1166b3cede46
646,6996e0a8-8fa1-41ae-8d16-db340373ef4d
646,464e049c-caed-4a29-a052-1c9bdb7a36f8
646,a7fb8780-6737-471f-b233-7fbe8d3c3c97
646,66f01237-857c-4408-83fd-4c13fd160015
608,ef62cb3f-897b-4e6f-9af8-d1974466f291
608,a7fb8780-6737-471f-b233-7fbe8d3c3c97
1328,9d3020e6-ba20-412e-a288-3a7c601765ac
1328,19135b8d-9b3b-41f8-b73c-3bcc3fbd7ecf
1328,25ebb2b8-d385-4a04-bd55-72b78edf5437
1328,678d7771-7401-409a-836d-aa4654f247fa
1541,8bc77980-2499-4620-9aac-dd4832d61c2c
1541,5199aedc-ec04-47ab-ac64-0b49427834f0
741,6437db44-1c00-43d9-a6d1-bb647c09675a
741,00165a49-73f9-4072-8000-8ce6e0862c45
741,528b8efc-8f3c-45f4-aafd-1f56a0077a4f
741,42681909-f652-4d90-b544-4b45785c41b6
741,e0695339-88cf-48d9-81e9-d58c04401cff
741,abd6d849-e283-4b75-a1b0-428f7088f9e9
741,563c21dc-89f5-4646-92c8-98c1c199f016
1204,563c21dc-89f5-4646-92c8-98c1c199f016
1367,e6c976ed-178c-4098-b66b-5e81c4c5991e
1367,4a9e616d-cca4-481a-b01a-1f6f40396ea7
1367,f3b2e897-112e-4fe9-8e7d-3f070d6dbe58
1367,563c21dc-89f5-4646-92c8-98c1c199f016
524,4d8d72f7-7042-41ee-86a7-bd78384a085a
524,f70da8b5-7349-483f-8ab8-ab8f2d37daf0
524,33f0d125-62ff-4cd1-99a7-f54786d67f59
524,54f13f93-4b0d-4cc0-b6f8-07d050b8f31f
524,101b4824-079f-4f7d-b2f9-f2a6502924b7
524,92c8418d-8a67-47c1-98e1-8c23c6426856
524,a7fb8780-6737-471f-b233-7fbe8d3c3c97
1125,034bbeeb-4d25-41ce-a2dc-d8bed22e8746
1125,a7fb8780-6737-471f-b233-7fbe8d3c3c97
1506,0ee3c134-06cc-4870-8e1c-b754002c6e70
1506,09616153-645d-4844-a832-d602a0318273
1506,28daf8da-20aa-4506-99e5-ccebccda87fd
1506,39cab662-16a8-44e2-93c6-e7e462d2fe27
1505,747e0afb-c5c3-4d6b-8c75-1d4ee251ac73
1505,c206cc9e-24b0-46d2-8846-cebb7575c218
1505,6cd227d7-ceff-4518-a88d-f92d92448977
1505,025c9cb4-f356-4d04-b762-cbd0e229f246
1505,0baf20ca-2e87-4a45-a13c-681b1e27d43c
1505,ccfa2493-12c1-43ff-98fb-fc0be922390b
3189,62f5b8bd-2015-40a8-813b-2bacc92334c9
1523,8ccf27ba-4889-4800-8c20-814cd50e5433
1523,2894c1d1-d505-43a5-8521-67b873a3f41f
1523,dcca34aa-d992-403a-aa41-e156d7eadb65
1523,42b07e36-9746-4146-afa9-d36f6d88a6ca
1523,fb9a9b3f-348d-454c-ba4b-1a4d3202f531
1523,025c9cb4-f356-4d04-b762-cbd0e229f246
1523,0baf20ca-2e87-4a45-a13c-681b1e27d43c
1523,ccfa2493-12c1-43ff-98fb-fc0be922390b
1498,49198dd1-d8af-40ea-bcb6-1cf6e5f78b35
1498,f890324a-4b07-41d2-8f76-d8eb8ca6e8de
1498,f2c0d753-0d30-499a-8c9e-7dc4dedd4cff
1498,6cd227d7-ceff-4518-a88d-f92d92448977
1498,7422d527-cc92-4ead-af60-af5d51b3189c
3217,7d650fcd-4071-44bf-b12c-e727a84860e4
3217,92ea52f7-dc18-42d6-9ab1-17866e0d4259
3217,23ec7f40-9b77-4cc1-abba-19ddf6ab01bd
2069,7d650fcd-4071-44bf-b12c-e727a84860e4
2069,da22e069-e9cf-4926-9c07-0454fbf26c83
2069,5167e07d-c4f6-4c7c-b228-c5b70b03cd3c
1515,c09e3f92-816a-48c4-9427-19cbf98e6c68
1515,39b4f8b5-b16b-4e76-963d-97758f5b5181
1521,7ca6114b-27a8-46f1-99af-64b368817d66
1521,6cd227d7-ceff-4518-a88d-f92d92448977
2644,59cc2a2e-29d5-45a9-ad46-2be10b66ecc3
1519,3d0e25ed-55b8-4d2b-a9d5-43dc04ebb953
1520,491c25e1-6394-41ed-9bfc-9eff29e076c1
1520,d7b49433-4eb9-4722-a4a6-b2d76cab2e18
1520,23ec7f40-9b77-4cc1-abba-19ddf6ab01bd
2627,20c4ff14-aaad-4e69-9ded-de10670ecc47
3245,2eacd72d-6bfa-487c-8e37-e1bb347940f9
3174,2a1a4e0c-30be-44bf-8174-e176440c9d33
3174,8400792d-563a-4780-93f8-6691d9527082
3174,26444f0e-dda1-4e68-984b-3dc030fa2722
2652,025c9cb4-f356-4d04-b762-cbd0e229f246
2652,0baf20ca-2e87-4a45-a13c-681b1e27d43c
2652,ccfa2493-12c1-43ff-98fb-fc0be922390b
1522,8ccf27ba-4889-4800-8c20-814cd50e5433
1522,d9cee14d-dc79-4b2a-b443-510b41b26641
1522,1ea487d6-e9c9-4b39-b1fc-09b4252e5d38
1510,fc04aa53-5766-4068-a683-0fbdaef1cdef
3254,9f4930ec-7b45-4871-9471-17ada3247d89
3254,8bb56ccf-878b-4fb0-82f4-d5f805e3bd6b
2276,913eaf7d-74e9-4023-95df-57365882aa29
1531,0a4a5699-87f7-42de-a552-8245812caef7
1531,0d6fe73e-a386-48c4-8a42-11028df50f17
2574,f3990a07-a06b-4c50-9024-af7eef210bb0
3299,7154306b-0a59-43d4-bcfa-1332a10ca5e0
1107,953e5c55-3b5e-4448-935e-aa4414374d91
1107,128d20bb-4e44-4560-8bb2-01142a6e6fe5
1107,8f8c258d-decf-42d9-98ee-5e5db9857981
1027,2611a6f7-c5ef-4f0f-a516-23011806813c
1027,0fb70523-1b01-4efd-9d79-1166b3cede46
1533,f495cc71-0d84-4d0d-9902-fb76fe0f4bec
1532,df025aab-d893-47e9-8128-66ebdc59f878
1532,0d6fe73e-a386-48c4-8a42-11028df50f17
2660,0a4a5699-87f7-42de-a552-8245812caef7
2660,0d6fe73e-a386-48c4-8a42-11028df50f17
3296,3ca448b5-2b9c-4e61-9e6c-f514904803e0
1355,a3cce30a-65b1-4a9f-98c8-c4ac67f01192
1355,d0171d74-c965-4453-9424-fa8d3fad43fd
1355,92040933-0ac5-4c9e-8aa5-8556588702af
1355,53b72f7b-5732-458d-9c57-83730aadc571
1356,c8815f5b-8282-49e4-8b14-866b73d65b0a
1356,a6ac67bf-a489-4e4a-973a-8edefca0d813
1356,92040933-0ac5-4c9e-8aa5-8556588702af
1356,53b72f7b-5732-458d-9c57-83730aadc571
3444,de85ccd0-3914-4bde-b8cf-8660e7ed7e65
3514,d3f08732-cb77-406a-b267-6f7dff44540d
308,8266d29c-0807-4ac2-8817-44e0d14215df
308,1348275e-ef90-49a1-86b6-b5efb7dc6109
3517,cf1860f5-e0cb-4753-80f0-35213e397e57
1738,0f1dd3c2-a8c1-4651-ab6a-adb36280aed9
3519,ce28908b-d491-42af-b292-73f2bf849a7c
3519,a9c5b2fa-8185-4911-aabd-8c551c7edbc2
3519,563c21dc-89f5-4646-92c8-98c1c199f016
446,a9c5b2fa-8185-4911-aabd-8c551c7edbc2
439,ce28908b-d491-42af-b292-73f2bf849a7c
439,dcd3352f-1ad1-4792-b6e7-379e6a28a229
868,d6fa8f39-95ae-4796-a175-9e051a0a2e08
868,d8c91e09-df39-4ffc-894a-af0a52ff5bb0
868,31e0cb71-89cd-4495-9899-3ec7cb2a4ea0
706,9adcced0-cb53-46b9-8760-f8af6476a5aa
706,b0253b52-c8a3-4768-b8cc-b699fac08fae
2207,8bc77980-2499-4620-9aac-dd4832d61c2c
2207,0ecd65df-55dc-42e7-ae72-e03fce2a1f5c
2207,f17d152d-1174-44d6-894a-b30faccb7f8a
3526,c0c5fac2-a642-4a0b-baa0-eebe106ff4c2
2218,072dfdc9-ecb6-47b0-8386-707d79e8ef60
2218,6d943496-6363-4565-8318-2f164d30f26a
2218,1d22d311-4adf-46e5-9813-2b493dcd43f6
2218,91465dcf-2047-4344-bf59-c63b6e044c44
2218,861b662c-b938-4099-b1b0-2dcfe0202a63
974,d5a976bd-1289-485c-ab14-687a83eb8ab4
974,9dee9b7f-0b48-49c7-86df-d9fc93378a16
974,cb817e3e-8eba-4198-9ab0-f7620c85e647
3529,df6933ee-8d9d-423e-8a8e-a9b88f3595ae
1063,535bf2c6-0d18-41f4-9da1-db6c7f48e4c6
3534,207534ca-c766-4655-8191-e89c5ca4a324
2292,a999d351-83ca-4b17-b546-8cb79ae3de3b
2292,1d054ce9-d3bd-4843-a35c-b57b73075fbf
3536,a92b0704-443d-4a38-b9b8-a14dc68b6825
3537,8fe487e4-ce56-4762-bf55-6b1683ac7a02
1073,7c401776-c270-4673-bf8c-366c1e2225ad
3539,8d21710d-25f7-4bae-8e2c-204e4c38c130
3540,94428042-62b0-40e4-8084-4f7c1ad930af
988,9b0f1361-cd97-4675-8de9-b18c4417ce5c
988,d00e7b5d-1291-442c-a9f8-b6191a4ed3fc
988,f4cbb6b5-0b97-4927-a75c-4e54e84a6876
988,1e58816a-6815-49d0-ada2-ec30b360ef6d
988,5125d326-4b25-42be-8f11-3e32b9bfeead
1136,e65a9154-21b6-4608-b423-509de05a455e
1136,41e88e00-41b6-4557-a923-9c762f0a0bf6
1136,60482e6c-123a-4f4f-b371-01060556f931
1136,b754e079-4660-479a-b32a-0664e6ba6930
1102,87730bbc-3f32-4a9b-82d1-7bfa1a886095
1102,23b5cdaa-240b-46ef-ac4f-137430cdab48
1102,61cd4496-43c5-443e-9454-8a7675c0e950
3545,3491ec03-ab41-46e0-948b-bf2499b120e1
1201,f419029d-7163-472d-8eb0-dbc02014481a
1201,90ba0f81-2653-4aae-a5b0-ab843c65de77
1201,1cebc186-3d59-4709-81ea-ab806dbf54f9
2260,81e3bce8-d7e9-4f97-b97a-b538f4724cf3
2260,2e420d58-3c4b-4110-89f5-7a25384b426f
2264,65c2f3a2-8514-4914-8fb9-a85d5dabd176
2264,8ec0a13f-5c6e-4ed4-ac4a-14a1507cedc8
2264,57f4aa7e-2d29-4e85-aff8-d0366fdc0403
2264,d88eaa1b-3915-4888-aec2-4be8a1a0de91
1035,3b765715-e9e9-44ea-803b-4fde0293f3e0
3550,074948ac-ff9d-4b80-af2c-3b10e58d2094
1417,5be1bea7-6497-4b57-8a9c-1c94c5553b62
1417,529c0dae-c52e-4510-ba2d-ca057eaa958c
1438,8f01329f-7298-469b-a00f-48de430358d5
1438,1487d9b8-0af5-42ca-90a0-6b4be5f07d79
1451,716a99f8-4e05-4699-8804-240e31483218
3556,f3990a07-a06b-4c50-9024-af7eef210bb0
3556,66f01237-857c-4408-83fd-4c13fd160015
3558,2284ccd7-23a1-4a53-856b-e05353fc37da
3559,0468ba2b-3169-409b-b05c-88f28af58803
2636,2151323b-077b-4b64-827d-cb44d7a54365
2636,2e420d58-3c4b-4110-89f5-7a25384b426f
3563,df025aab-d893-47e9-8128-66ebdc59f878
2,4cc1eb44-ada1-4a4b-93cb-5dc44484f69b
2,995558a8-4566-472c-a06b-c58dd362e9c8
4,73cbb47b-2006-4015-8f53-eead3fd6d1c9
4,123c6b7a-f8bf-4496-8b77-f8d3c4eb905f
7,8f035908-0003-4680-81d8-39b5fd9e9a9a
7,f4174507-c94f-43a0-8d85-12b1149ec051
7,8630f373-ad29-49f9-986a-ab2360a6c4c8
7,7faa3a83-26f8-4d3f-a853-7ea50c2537df
7,bc9791c7-650e-48ce-916e-9def6b5b3bc8
10,aba162c5-12fc-4523-a17e-2906c344fb8a
10,7604e9b4-3a65-470c-87aa-293c5758dd03
10,29adb1da-a81c-4b9c-83c0-29f7680fe38b
10,86ac55f6-3cca-447d-be18-847bd019c72d
11,aba8ec2b-4fb5-4112-b999-e5b9dbf55728
14,9a0feaab-c9d4-4ba1-a4f8-fd9afc222f9e
14,8feb9edf-244b-419f-b4f3-97df3a73e5eb
16,28148b0f-cdbc-4dad-bb46-42cce7ddd7ae
16,fef3080c-740f-4a2f-a816-93e1af456217
16,1a663117-4152-4da2-a77b-01ac3a017cae
16,34f7c3cf-651f-42f5-8889-81b848dc98a4
16,8d492173-4731-4cec-9c46-8af92be26b1a
16,bbe0d1fb-b8b9-4eb4-8252-d6fad0ce632f
16,6cb31cd6-ceee-4993-8a6b-653d1e165162
22,d6c45b7e-f6ac-4edc-9853-e845635769ca
22,feb43cbe-7c07-46fe-ac9c-b81377db5a29
22,729b8ff5-9124-4ed7-beef-e6edf5021343
36,2611a6f7-c5ef-4f0f-a516-23011806813c
37,dd3ef6a4-d822-4b1c-94fa-55bedbfefa7c
37,7f5c3319-d2d9-4ba1-a388-368732c0414a
37,a7086ace-a330-4657-be59-f9183ea1eae0
45,5eae25f1-dcad-471a-aef8-61fe925b6e27
45,fd2a5ea8-a244-431d-8d24-4f8f5f6e1cae
48,6d053e8b-9288-4cc1-8969-ef3908893cf3
48,7d100932-732a-4a4c-99d2-3d582bee2af6
48,e41f53f5-9405-41e4-8363-7872cfff98f6
48,c3f2a4a1-8833-4f22-820f-36ad89e469f9
49,ccbaa1f0-3a84-440b-b50a-f6243204aede
49,f70da8b5-7349-483f-8ab8-ab8f2d37daf0
49,5d10586f-eba6-42ab-b4fe-a7ca3c2a55f5
49,2e0fc333-6453-423c-af99-4c0bd32fd9fe
49,11e393aa-5344-4c3d-8a3e-e48977fdced2
49,7421ca11-75d2-4b4f-905e-04aaba67be9e
51,c2e78a5d-9196-41a1-810f-a581050a4b83
51,5123e6b0-d3ad-456c-b6ce-eb528a638110
51,7a2003f3-abc3-456d-86c9-85cfe0fcb03c
51,8e3af7cd-43a7-4f55-8e95-2b0a70401225
52,219267fa-9cb0-4af3-9b66-bb6932b15337
52,14515630-471b-4250-a05c-d65e4b7f8912
59,4e21ba7b-e13e-4d93-9dae-2425ab5febd5
59,94c10826-f664-4536-a23d-2492774674c9
59,25240303-8837-4532-bac6-9e76f4784d59
59,f77c3b7b-679a-4ba2-802b-e8cfed4cd69a
73,d76ec50a-aec4-4e3e-99ae-e04c31492552
75,56271862-1382-44a3-906b-ef03fed9f760
79,8a0fd568-3fa1-4e7a-ba89-548f07cf94b5
79,f8099b23-fcee-416e-aa59-73b000509a93
85,8fe487e4-ce56-4762-bf55-6b1683ac7a02
85,a999d351-83ca-4b17-b546-8cb79ae3de3b
87,e7ee3632-7b2c-4668-b456-ab7d861c1a39
97,b51c1386-c1b5-4e82-a2fd-2701456f6319
97,69977eac-48e8-4c0c-8659-872535e3c0b9
98,ac636a1b-99f9-45f5-a217-f57e15c93a6e
100,716a99f8-4e05-4699-8804-240e31483218
103,aadd93ca-1bd9-4afd-b4df-4b153af4658d
105,716a99f8-4e05-4699-8804-240e31483218
105,66f01237-857c-4408-83fd-4c13fd160015
106,96cc8341-0a4a-47c4-900d-f1f224c6df5d
107,6d974856-bd3d-465f-a04d-1178f9b45c6b
108,9d7a01be-30ce-4005-afc8-1083e1c1615d
111,49198dd1-d8af-40ea-bcb6-1cf6e5f78b35
111,f890324a-4b07-41d2-8f76-d8eb8ca6e8de
118,7542a3cf-92be-419f-85e5-e135397871b4
119,afa42a81-0820-45c2-88f5-4d03a7cc577f
119,05d10673-808c-46b7-85ac-cd1c844e8027
121,4ac8c2c6-df54-4a4a-9eb1-b740de6d0e73
123,104bb192-4a18-44c4-b9cd-57bbe4bc6071
124,f7df5767-2f3a-4bd7-9ef3-28fd27cbeead
134,6e354f77-a747-40e8-9d94-95e6d2df414f
134,6996e0a8-8fa1-41ae-8d16-db340373ef4d
134,7d196184-bc92-4523-af6c-34f53e201b91
135,f6a1e329-4744-423c-8dcf-8f928a7fe337
135,f6edc280-4c6a-47c3-9c24-17cc5290f6a9
135,f25b9384-4e1d-4c16-9fb1-967990cb99ca
135,92c8418d-8a67-47c1-98e1-8c23c6426856
135,a7fb8780-6737-471f-b233-7fbe8d3c3c97
138,3145954a-ce81-44c8-b545-97e790f6bb23
140,fbbc3752-6ffa-437e-b5f6-a500ac27b0cb
140,e9d3a0c8-717f-4b6d-a563-71bccbe2b830
144,3989ee13-45d8-4bb1-9227-f8bfef7a3cba
144,ccbaa1f0-3a84-440b-b50a-f6243204aede
144,5be407c0-bfa7-4178-9528-92703a638382
144,576368e2-d64c-4a8b-8531-4d3554690466
144,7421ca11-75d2-4b4f-905e-04aaba67be9e
146,7d650fcd-4071-44bf-b12c-e727a84860e4
146,6928ad1d-2d12-456b-a94d-4eb204b0785c
149,6b24097c-1cc0-4f71-a5cd-185e7247bcb1
151,dfb906e2-7454-4f07-888b-25dead698a5f
154,04ce671c-e78c-4738-bcfd-aff7dbdade75
154,fc2fdc68-b137-460d-836d-0787f450b149
154,f2bc0ba0-cbf1-432a-a632-e4436568221f
154,4a117e75-6bb4-4039-a90e-f746773d6f45
157,73e5cad1-d664-4635-8753-ae70c8b54b47
157,46b1a118-ded8-4279-aeee-e3eb7d3d5349
157,9ea90ca6-0344-4061-8168-9f69aaf24231
157,1eb32bf2-9d03-4d84-92aa-d0175e36fbab
157,c8573ba6-0960-4c6a-9343-4be3d8b27497
158,dde9cf91-3f99-4129-9a0f-13165dcda77a
158,02aa4b79-4c58-48be-86f9-fe781221a41e
158,563c21dc-89f5-4646-92c8-98c1c199f016
159,2611a6f7-c5ef-4f0f-a516-23011806813c
160,89d16afa-4107-46ea-b111-62121f10a8b7
161,334d1891-b983-4e91-875d-944c512b7c49
161,3e82f725-2b7b-4370-a533-2d7799267984
161,9ab338e6-254a-4ccf-96e0-f75728145ab0
162,7d6dc450-0c85-4609-850c-a69019524aa6
162,a7fb8780-6737-471f-b233-7fbe8d3c3c97
163,113f46cc-3fb8-4655-9913-0dcb87129d8b
163,1e1c6cc7-43ac-4aef-94e1-7721511faaab
164,d6fa8f39-95ae-4796-a175-9e051a0a2e08
164,9ab789af-9003-4032-9b38-60e4fe140dde
164,f5b9124a-007e-4c69-9e0b-152b43b219d1
170,64c70e39-f6e6-4440-9935-067a227c7f59
170,fd2db322-5452-43e3-9413-6376d957f4d7
170,e7f9a92a-522b-4580-b7f9-34e44d38301e
170,fcaa8c12-ece6-4aa8-9384-77234fa0c336
172,0ecd65df-55dc-42e7-ae72-e03fce2a1f5c
173,072dfdc9-ecb6-47b0-8386-707d79e8ef60
174,6d943496-6363-4565-8318-2f164d30f26a
176,98ab7c09-bc25-433a-9e30-7494667a5c38
177,f7ac5657-c1bd-4783-9ea9-cffe3d980269
177,377a3e84-25c7-4f20-b1db-57d29b5008e1
178,5df4ab5b-b0c2-49c5-8309-42501c745c58
179,b9a96643-cec1-480c-ab50-b5d167899466
181,a92b0704-443d-4a38-b9b8-a14dc68b6825
183,797e405d-df85-4801-850f-a579cdcf6bcb
187,442ebd6d-4785-4a6d-994d-2437c9f5746f
191,f3990a07-a06b-4c50-9024-af7eef210bb0
191,563c21dc-89f5-4646-92c8-98c1c199f016
192,5aa54b3a-db54-4097-9a3b-6a1f1fa17908
192,a7fb8780-6737-471f-b233-7fbe8d3c3c97
193,aa80b6ed-6f7d-46e2-8e42-59a2c4a75ceb
193,1b728d50-ba77-456d-8637-0c9c6c1336aa
194,49198dd1-d8af-40ea-bcb6-1cf6e5f78b35
194,f890324a-4b07-41d2-8f76-d8eb8ca6e8de
195,49198dd1-d8af-40ea-bcb6-1cf6e5f78b35
195,f890324a-4b07-41d2-8f76-d8eb8ca6e8de
196,18100d64-c42e-4551-9a57-67be71729ea0
197,cf4d5a82-b2cc-4a2a-9139-a6f5a3ee2d8a
198,29b4252c-4923-4fa7-a491-a14e1b235640
199,0b0d5b6f-d864-48ec-88a3-b07afff289d2
200,01a10dcb-d2b2-418a-978b-0bf12f4a0e8d
203,293b4ea8-0118-4b72-b98b-0eba2a4c9b12
204,6ed57003-8d89-462f-8651-8ef35448dadd
204,7efb95bf-9ffa-4f8d-815c-5758153af5c1
1334,f7cf6ea2-b9ca-46cb-ba7e-a05f7cc758b2
1334,94196884-0a5b-41ae-b86e-11bf84805676
257,373a9e41-0733-4330-9c8d-15d8d8836885
933,3d1bc9db-a5fb-4508-a5cf-0453395775d0
1285,320ee530-c375-4311-b44b-a75614b0d9a4
1350,4b4f8a7b-6fa4-42c2-9667-82447fbdaac4
491,c3f2f433-3cf5-4196-ab11-f8a1b77b17a5
899,ad43d160-ca47-4428-850b-8869aacc48bf
899,4e21ba7b-e13e-4d93-9dae-2425ab5febd5
899,7b6267fd-7e58-4a52-92e8-2c504051e0e9
1086,467e8f15-a29b-422f-8244-e493d699b82f
1086,78354727-1ed7-4ad3-b17f-2a9719c33ce2
983,07225c3b-807c-451d-9652-4739b0153c0f
983,0d6de4bf-b34b-44ad-b589-0168be7bbe0c
983,ebf8b817-b95f-40f5-907b-e7d11fd4d6c8
353,932c8f49-de4a-4c54-9c7a-721bfb314473
442,bf943889-5e88-4261-b1ad-55282f569d8e
1051,5ce8ed64-a6e3-4e79-97ac-b9f539908ff8
2239,f85207c4-5d12-4385-9bd1-b3098bc3b655
2307,94428042-62b0-40e4-8084-4f7c1ad930af
2453,fd575f32-6a70-454c-8883-d7e133e5454f
1879,46b1a118-ded8-4279-aeee-e3eb7d3d5349
2168,f89c6970-741a-490b-a265-768f075ef53b
2168,3a9a949c-7d7e-4423-b045-effc6b092f5d
2168,13123a11-7924-499d-b06f-dd30e6129b82
2253,966b55e3-eb98-4928-bcbc-a3b5c9fbd1a2
2608,e6e75174-fe23-44ba-864e-5e452b923f0d
2273,f5fec54d-feac-41dd-addd-b5d04cdef2af
2271,af29f9db-756d-47ff-a093-046da86f3d5d
2112,5b4517f2-907f-4a05-8e05-6f3c4db7bc53
2112,1a844c55-ca7c-494e-823a-5c8677d42888
2399,d410f038-3222-4ef5-8406-ef069866bfd1
2399,3491ec03-ab41-46e0-948b-bf2499b120e1
1770,f789e538-6d5b-48aa-a328-dae61e9fcbdc
2579,563c21dc-89f5-4646-92c8-98c1c199f016
3566,e4b44c60-d668-4148-9d2d-c7bc3cb2d2c4
3571,2852c93d-babb-4967-ae86-70b8bb738f85
3576,351d232f-3263-4b2d-80bb-78bc0b5f16c8
3577,c0d6cfaa-1bd0-40ae-b282-87edacb6fddc
3582,1c1bc83b-e616-4353-a286-aa751dd72401
3582,3ca06111-bdd6-4357-adb1-caa3c66ab228
3583,6d943496-6363-4565-8318-2f164d30f26a
3588,1f699e0b-9864-4d7f-811a-5f852a87c969
3594,1ed635a3-59e0-4ffc-ad6e-34035a4b523b
3597,3a6aae70-702b-42b4-bd4a-47482dde8d7a
3600,563c21dc-89f5-4646-92c8-98c1c199f016
3606,a7fb8780-6737-471f-b233-7fbe8d3c3c97
3644,2a4fd050-6ee8-42fb-81b8-9cdf934acd84
3647,1a97500e-6a58-4349-8d8c-4165258f7111
3648,69977eac-48e8-4c0c-8659-872535e3c0b9
3649,c8815f5b-8282-49e4-8b14-866b73d65b0a
3650,2f1b7a52-0d58-4465-986a-b1dfce06342b
3656,563c21dc-89f5-4646-92c8-98c1c199f016
3657,563c21dc-89f5-4646-92c8-98c1c199f016
3663,29a8b5fb-eb35-4f64-984a-3dd5d5245308
3666,069cdea6-1d89-4405-8995-4078c14fd56a
3669,f17d152d-1174-44d6-894a-b30faccb7f8a
3670,9495a817-3b7c-4451-bfe4-33e59eb59c34
3671,ee3ed8a2-5843-4822-b1ce-69af274ffeb4
3675,f3990a07-a06b-4c50-9024-af7eef210bb0
3675,563c21dc-89f5-4646-92c8-98c1c199f016
3676,3a6f45c8-fcca-476e-8743-07ecdb5599f6
3677,b3b405af-be31-4347-8742-673373af1c26
3683,14115153-9f22-4a55-a900-091d8a7992e5
3687,f3990a07-a06b-4c50-9024-af7eef210bb0
